# Pathway	Average abundance	Variance
PWY-7221: guanosine ribonucleotides de novo biosynthesis	0.0736	0.000131
PWY-6386: UDP-N-acetylmuramoyl-pentapeptide biosynthesis II (lysine-containing)	0.0655	8.71e-05
PEPTIDOGLYCANSYN-PWY: peptidoglycan biosynthesis I (meso-diaminopimelate containing)	0.0645	7.29e-05
PWY-6387: UDP-N-acetylmuramoyl-pentapeptide biosynthesis I (meso-diaminopimelate containing)	0.0644	8.19e-05
PWY-5695: urate biosynthesis/inosine 5'-phosphate degradation	0.0637	0.000163
PWY-5686: UMP biosynthesis	0.063	0.000182
PWY-6700: queuosine biosynthesis	0.0593	0.000171
PWY-6385: peptidoglycan biosynthesis III (mycobacteria)	0.0592	6.8e-05
NONMEVIPP-PWY: methylerythritol phosphate pathway I	0.0486	0.000123
PWY-7228: superpathway of guanosine nucleotides de novo biosynthesis I	0.0456	5.53e-05
PWY0-1296: purine ribonucleosides degradation	0.0439	0.000235
PWY-6125: superpathway of guanosine nucleotides de novo biosynthesis II	0.0412	5.68e-05
PWY-6163: chorismate biosynthesis from 3-dehydroquinate	0.0391	0.000108
PWY-7220: adenosine deoxyribonucleotides de novo biosynthesis II	0.032	3.47e-05
PWY-7222: guanosine deoxyribonucleotides de novo biosynthesis II	0.032	3.47e-05
PWY-7560: methylerythritol phosphate pathway II	0.0214	9.53e-05
PWY-6270: isoprene biosynthesis I	0.0214	7.44e-05
PWY-6609: adenine and adenosine salvage III	0.0185	0.000198
GLUTORN-PWY: L-ornithine biosynthesis	0.0153	5.08e-05
PWY-5897: superpathway of menaquinol-11 biosynthesis	0.0113	3.43e-05
PWY-5898: superpathway of menaquinol-12 biosynthesis	0.0113	3.43e-05
PWY-5899: superpathway of menaquinol-13 biosynthesis	0.0113	3.43e-05
PWY-6608: guanosine nucleotides degradation III	0.0106	0.00011
PWY-6353: purine nucleotides degradation II (aerobic)	0.00704	3.35e-05
PWY-5838: superpathway of menaquinol-8 biosynthesis I	0.00648	2.85e-05
PWY-5840: superpathway of menaquinol-7 biosynthesis	0.00648	2.85e-05
PWY-5845: superpathway of menaquinol-9 biosynthesis	0.00648	2.85e-05
PWY-5850: superpathway of menaquinol-6 biosynthesis I	0.00648	2.85e-05
PWY-5896: superpathway of menaquinol-10 biosynthesis	0.00648	2.85e-05
SALVADEHYPOX-PWY: adenosine nucleotides degradation II	0.00578	4.39e-05
PYRIDNUCSYN-PWY: NAD biosynthesis I (from aspartate)	0.00555	2.04e-05
PWY-5791: 1,4-dihydroxy-2-naphthoate biosynthesis II (plants)	0.00527	9.16e-06
PWY-5837: 1,4-dihydroxy-2-naphthoate biosynthesis I	0.00527	9.16e-06
PWY-5860: superpathway of demethylmenaquinol-6 biosynthesis I	0.00498	1.9e-05
PWY-5861: superpathway of demethylmenaquinol-8 biosynthesis	0.00498	1.9e-05
PWY-5862: superpathway of demethylmenaquinol-9 biosynthesis	0.00498	1.9e-05
PWY-5863: superpathway of phylloquinol biosynthesis	0.00291	7.65e-06
PWY-6606: guanosine nucleotides degradation II	0.00198	1.36e-06
PWY0-1586: peptidoglycan maturation (meso-diaminopimelate containing)	0.00183	6.33e-06
PWY-6471: peptidoglycan biosynthesis IV (Enterococcus faecium)	0.000307	1.89e-07
ARO-PWY: chorismate biosynthesis I	0.00016	5.14e-08
COA-PWY: coenzyme A biosynthesis I	7.45e-05	2.78e-08
COA-PWY-1: coenzyme A biosynthesis II (mammalian)	4.9e-05	1.2e-08
