# OTU	sample1	sample3	sample2	taxonomy
26139	91	24	179	k__Archaea; p__Crenarchaeota; c__Thermoprotei; o__Thermoproteales; f__Thermoproteaceae; g__Pyrobaculum; s__
2836861	165	0	221	k__Bacteria; p__Spirochaetes; c__Spirochaetes; o__Spirochaetales; f__Spirochaetaceae; g__Treponema; s__socranskii
1105814	15	2	11	k__Bacteria; p__Proteobacteria; c__Alphaproteobacteria; o__Rhizobiales; f__Bradyrhizobiaceae; g__Bradyrhizobium; s__
125020	7	0	13	k__Archaea; p__Nanoarchaeota; c__[Nanoarchaeoti]; o__[Nanoarchaeotales]; f__[Nanoarchaeotaceae]; g__Nanoarchaeum; s__equitans Kin4-M
133739	396	153	448	k__Bacteria; p__Chlorobi; c__Chlorobia; o__Chlorobiales; f__Chlorobiaceae; g__Chlorobium; s__phaeobacteroides
254401	5	0	2	k__Bacteria; p__Proteobacteria; c__Alphaproteobacteria; o__Caulobacterales; f__Caulobacteraceae; g__Phenylobacterium; s__
39861	335	71	477	k__Bacteria; p__Proteobacteria; c__Alphaproteobacteria; o__Sphingomonadales; f__Sphingomonadaceae; g__Sphingomonas; s__wittichii
1111294	58	19	140	k__Bacteria; p__Proteobacteria; c__Gammaproteobacteria; o__Enterobacteriales; f__Enterobacteriaceae; g__; s__
968954	14	17	13	k__Bacteria; p__Firmicutes; c__Bacilli; o__Lactobacillales; f__Streptococcaceae; g__Streptococcus; s__
286679	451	270	541	k__Bacteria; p__Proteobacteria; c__Gammaproteobacteria; o__Alteromonadales; f__Shewanellaceae; g__Shewanella; s__
569286	1010	716	1314	k__Bacteria; p__Proteobacteria; c__Alphaproteobacteria; o__Rhodobacterales; f__Rhodobacteraceae; g__; s__
157448	4	1	2	k__Bacteria; p__Firmicutes; c__Bacilli; o__Lactobacillales; f__Lactobacillaceae; g__Lactobacillus; s__
16103	253	64	346	k__Bacteria; p__Firmicutes; c__Clostridia; o__Thermoanaerobacterales; f__Caldicellulosiruptoraceae; g__Caldicellulosiruptor; s__saccharolyticus
222407	732	85	1081	k__Archaea; p__Euryarchaeota; c__Methanococci; o__Methanococcales; f__Methanococcaceae; g__Methanococcus; s__
1110763	7	2	3	k__Bacteria; p__Proteobacteria; c__Gammaproteobacteria; o__Enterobacteriales; f__Enterobacteriaceae; g__; s__
583117	1714	97	1973	k__Bacteria; p__Bacteroidetes; c__Bacteroidia; o__Bacteroidales; f__Bacteroidaceae; g__Bacteroides; s__
68333	138	28	243	k__Archaea; p__Euryarchaeota; c__Methanococci; o__Methanococcales; f__Methanocaldococcaceae; g__Methanocaldococcus; s__
537954	424	41	550	k__Bacteria; p__Proteobacteria; c__Alphaproteobacteria; o__Rhodobacterales; f__Rhodobacteraceae; g__; s__
1111582	647	548	892	k__Bacteria; p__Firmicutes; c__Bacilli; o__Lactobacillales; f__Enterococcaceae; g__Enterococcus; s__
241978	64	7	108	k__Archaea; p__Crenarchaeota; c__Thermoprotei; o__Sulfolobales; f__Sulfolobaceae; g__Sulfolobus; s__vallisabyssus
1122504	11	8	16	k__Bacteria; p__Bacteroidetes; c__Flavobacteriia; o__Flavobacteriales; f__Flavobacteriaceae; g__; s__
135897	7	1	13	k__Bacteria; p__Proteobacteria; c__Alphaproteobacteria; o__Sphingomonadales; f__Sphingomonadaceae; g__Novosphingobium; s__
29654	469	455	599	k__Bacteria; p__Aquificae; c__Aquificae; o__Aquificales; f__Hydrogenothermaceae; g__; s__
997439	50	21	60	k__Bacteria; p__Actinobacteria; c__Actinobacteria; o__Bifidobacteriales; f__Bifidobacteriaceae; g__Bifidobacterium; s__
236881	977	406	1354	k__Bacteria; p__Aquificae; c__Aquificae; o__Aquificales; f__Hydrogenothermaceae; g__; s__
128604	664	158	836	k__Bacteria; p__[Thermi]; c__Deinococci; o__Deinococcales; f__Deinococcaceae; g__Deinococcus; s__
554120	286	48	369	k__Bacteria; p__Chlorobi; c__Chlorobia; o__Chlorobiales; f__Chlorobiaceae; g__Chlorobaculum; s__
238388	26	8	25	k__Bacteria; p__Proteobacteria; c__Gammaproteobacteria; o__Pseudomonadales; f__Pseudomonadaceae; g__Pseudomonas; s__
240278	3	0	6	k__Bacteria; p__Proteobacteria; c__Betaproteobacteria; o__; f__; g__; s__
108977	653	126	841	k__Bacteria; p__Firmicutes; c__Clostridia; o__Thermoanaerobacterales; f__Thermoanaerobacteraceae; g__Thermoanaerobacter; s__
1139769	1256	152	1405	k__Bacteria; p__Fusobacteria; c__Fusobacteriia; o__Fusobacteriales; f__Fusobacteriaceae; g__Fusobacterium; s__
114723	504	207	799	k__Bacteria; p__Thermotogae; c__Thermotogae; o__Thermotogales; f__Thermotogaceae; g__Thermotoga; s__
332523	549	256	816	k__Bacteria; p__Firmicutes; c__Clostridia; o__Thermoanaerobacterales; f__Caldicellulosiruptoraceae; g__Caldicellulosiruptor; s__saccharolyticus
2130193	367	35	542	k__Bacteria; p__[Thermi]; c__Deinococci; o__Thermales; f__Thermaceae; g__Thermus; s__
4453773	1321	914	1573	k__Bacteria; p__Proteobacteria; c__Deltaproteobacteria; o__Desulfovibrionales; f__Desulfovibrionaceae; g__Desulfovibrio; s__
3907	423	32	506	k__Bacteria; p__Spirochaetes; c__Spirochaetes; o__Spirochaetales; f__Spirochaetaceae; g__Treponema; s__
766	41	12	80	k__Archaea; p__Euryarchaeota; c__Thermococci; o__Thermococcales; f__Thermococcaceae; g__Pyrococcus; s__
4475144	1222	0	1506	k__Bacteria; p__Proteobacteria; c__Gammaproteobacteria; o__Enterobacteriales; f__Enterobacteriaceae; g__Erwinia; s__chrysanthemi
580629	1281	439	1625	k__Bacteria; p__Bacteroidetes; c__Bacteroidia; o__Bacteroidales; f__Bacteroidaceae; g__Bacteroides; s__
815480	6	2	12	k__Bacteria; p__Proteobacteria; c__Gammaproteobacteria; o__Xanthomonadales; f__Xanthomonadaceae; g__Stenotrophomonas; s__
400480	573	156	708	k__Bacteria; p__Planctomycetes; c__Planctomycetia; o__Pirellulales; f__Pirellulaceae; g__Rhodopirellula; s__baltica
1107335	42	44	80	k__Bacteria; p__Proteobacteria; c__Gammaproteobacteria; o__Pseudomonadales; f__Moraxellaceae; g__Acinetobacter; s__
