	SRR5314314	SRR5314315	SRR5314316	SRR5314317	SRR5314331	SRR5314332	SRR5314333	taxonomy
ASV1	0	0	0	0	639	1305	922	k__Fungi; p__Ascomycota; c__Sordariomycetes; o__Hypocreales; f__Clavicipitaceae; g__Claviceps; s__
ASV2	0	4	0	0	0	0	0	k__Fungi; p__Ascomycota; c__; o__; f__; g__; s__
ASV3	0	4	0	0	0	0	0	k__Fungi; p__Ascomycota; c__; o__; f__; g__; s__
ASV4	0	0	0	10	0	0	0	k__Fungi; p__Ascomycota; c__; o__; f__; g__; s__
ASV5	0	0	23	0	0	0	0	k__Fungi; p__Ascomycota; c__; o__; f__; g__; s__
ASV6	104	0	0	0	0	0	0	k__Fungi; p__Ascomycota; c__; o__; f__; g__; s__
ASV7	0	117	0	0	0	0	0	k__Fungi; p__Ascomycota; c__; o__; f__; g__; s__
ASV8	0	122	0	0	0	0	0	k__Fungi; p__Ascomycota; c__; o__; f__; g__; s__
ASV9	57	97	0	0	0	0	0	k__Fungi; p__Ascomycota; c__; o__; f__; g__; s__
ASV10	0	0	42	0	0	0	0	k__Fungi; p__; c__; o__; f__; g__; s__
ASV11	13	0	0	0	0	0	0	k__Fungi; p__Ascomycota; c__; o__; f__; g__; s__
ASV12	0	0	0	71	0	0	0	k__Fungi; p__Ascomycota; c__; o__; f__; g__; s__
ASV13	0	0	21	0	0	0	0	k__Fungi; p__Ascomycota; c__; o__; f__; g__; s__
ASV14	0	6	0	0	0	0	0	k__Fungi; p__Ascomycota; c__; o__; f__; g__; s__
ASV15	0	0	14	0	0	0	0	k__Fungi; p__Ascomycota; c__; o__; f__; g__; s__
ASV16	0	93	0	0	0	0	0	k__Fungi; p__; c__; o__; f__; g__; s__
ASV17	26	0	0	0	0	0	0	k__Fungi; p__; c__; o__; f__; g__; s__
ASV18	0	0	0	14	0	0	0	k__Fungi; p__Ascomycota; c__; o__; f__; g__; s__
ASV19	0	6	0	0	0	0	0	k__Fungi; p__Ascomycota; c__; o__; f__; g__; s__
ASV20	0	0	6	0	0	0	0	k__Fungi; p__; c__; o__; f__; g__; s__
ASV21	0	0	0	20	0	0	0	k__Fungi; p__Ascomycota; c__; o__; f__; g__; s__
ASV22	0	74	0	0	0	0	0	k__Fungi; p__; c__; o__; f__; g__; s__
ASV23	0	53	0	0	0	0	0	k__Fungi; p__Ascomycota; c__; o__; f__; g__; s__
ASV24	0	70	0	0	0	0	0	k__Fungi; p__; c__; o__; f__; g__; s__
ASV25	0	456	0	0	0	0	0	k__Fungi; p__; c__; o__; f__; g__; s__
ASV26	0	311	0	0	0	0	0	k__Fungi; p__Ascomycota; c__; o__; f__; g__; s__
ASV27	0	380	0	0	0	0	0	k__Fungi; p__; c__; o__; f__; g__; s__
ASV28	0	312	0	0	0	0	0	k__Fungi; p__; c__; o__; f__; g__; s__
ASV29	0	0	51	47	0	0	0	k__Fungi; p__; c__; o__; f__; g__; s__
ASV30	73	73	27	35	0	0	0	k__Fungi; p__Ascomycota; c__; o__; f__; g__; s__
ASV31	0	45	44	47	0	0	0	k__Fungi; p__Ascomycota; c__; o__; f__; g__; s__
ASV32	0	0	62	74	0	0	0	k__Fungi; p__Ascomycota; c__; o__; f__; g__; s__
ASV33	0	33	0	0	0	0	0	k__Fungi; p__; c__; o__; f__; g__; s__
ASV34	15	0	0	0	0	0	0	k__Fungi; p__Ascomycota; c__; o__; f__; g__; s__
ASV35	0	0	58	61	0	0	0	k__Fungi; p__; c__; o__; f__; g__; s__
ASV36	9	0	0	0	0	0	0	k__Fungi; p__; c__; o__; f__; g__; s__
ASV37	0	36	0	0	0	0	0	k__Fungi; p__; c__; o__; f__; g__; s__
ASV38	0	0	8	6	0	0	0	k__Fungi; p__Ascomycota; c__; o__; f__; g__; s__
ASV39	0	6	9	5	0	0	0	k__Fungi; p__Ascomycota; c__; o__; f__; g__; s__
ASV40	0	10	9	5	0	0	0	k__Fungi; p__Ascomycota; c__; o__; f__; g__; s__
ASV41	61	69	265	234	0	0	0	k__Fungi; p__Ascomycota; c__; o__; f__; g__; s__
ASV42	0	24	219	157	0	0	0	k__Fungi; p__Ascomycota; c__; o__; f__; g__; s__
ASV43	43	58	225	168	0	0	0	k__Fungi; p__Ascomycota; c__; o__; f__; g__; s__
ASV44	0	0	141	106	0	0	0	k__Fungi; p__Ascomycota; c__; o__; f__; g__; s__
ASV45	0	0	104	90	0	0	0	k__Fungi; p__Ascomycota; c__; o__; f__; g__; s__
ASV46	34	0	112	96	0	0	0	k__Fungi; p__Ascomycota; c__; o__; f__; g__; s__
ASV47	0	0	151	133	0	0	0	k__Fungi; p__Ascomycota; c__; o__; f__; g__; s__
ASV48	0	29	171	105	0	0	0	k__Fungi; p__Ascomycota; c__; o__; f__; g__; s__
ASV49	0	44	162	95	0	0	0	k__Fungi; p__Ascomycota; c__; o__; f__; g__; s__
ASV50	0	198	270	190	0	0	0	k__Fungi; p__Ascomycota; c__; o__; f__; g__; s__
ASV51	0	148	238	157	0	0	0	k__Fungi; p__Ascomycota; c__; o__; f__; g__; s__
ASV52	123	170	233	149	0	0	0	k__Fungi; p__Ascomycota; c__; o__; f__; g__; s__
ASV53	0	53	109	78	0	0	0	k__Fungi; p__Ascomycota; c__; o__; f__; g__; s__
ASV54	0	56	92	66	0	0	0	k__Fungi; p__Ascomycota; c__; o__; f__; g__; s__
ASV55	0	100	97	71	0	0	0	k__Fungi; p__Ascomycota; c__; o__; f__; g__; s__
ASV56	65	123	151	116	0	0	0	k__Fungi; p__Ascomycota; c__; o__; f__; g__; s__
ASV57	0	112	146	94	0	0	0	k__Fungi; p__Ascomycota; c__; o__; f__; g__; s__
ASV58	11	8	17	13	0	0	0	k__Fungi; p__Ascomycota; c__; o__; f__; g__; s__
ASV59	0	4	16	11	0	0	0	k__Fungi; p__Ascomycota; c__; o__; f__; g__; s__
ASV60	0	45	0	0	0	0	0	k__Fungi; p__; c__; o__; f__; g__; s__
ASV61	11	0	0	0	0	0	0	k__Fungi; p__; c__; o__; f__; g__; s__
ASV62	0	33	57	57	0	0	0	k__Fungi; p__; c__; o__; f__; g__; s__
ASV63	0	108	62	55	0	0	0	k__Fungi; p__; c__; o__; f__; g__; s__
ASV64	0	0	65	70	0	0	0	k__Fungi; p__Ascomycota; c__; o__; f__; g__; s__
ASV65	0	64	61	85	0	0	0	k__Fungi; p__; c__; o__; f__; g__; s__
ASV66	0	0	51	0	0	0	0	k__Fungi; p__; c__; o__; f__; g__; s__
ASV67	0	0	95	81	0	0	0	k__Fungi; p__; c__; o__; f__; g__; s__
ASV68	38	83	0	0	0	0	0	k__Fungi; p__; c__; o__; f__; g__; s__
ASV69	0	0	81	0	0	0	0	k__Fungi; p__Ascomycota; c__; o__; f__; g__; s__
ASV70	0	0	0	64	0	0	0	k__Fungi; p__Ascomycota; c__; o__; f__; g__; s__
ASV71	0	67	0	0	0	0	0	k__Fungi; p__Ascomycota; c__; o__; f__; g__; s__
ASV72	0	0	73	48	0	0	0	k__Fungi; p__Ascomycota; c__; o__; f__; g__; s__
ASV73	0	68	48	40	0	0	0	k__Fungi; p__Ascomycota; c__Dothideomycetes; o__Capnodiales; f__Teratosphaeriaceae; g__; s__
ASV74	0	98	94	0	0	0	0	k__Fungi; p__Ascomycota; c__; o__; f__; g__; s__
ASV75	0	0	11	0	0	0	0	k__Fungi; p__; c__; o__; f__; g__; s__
ASV76	0	112	0	0	0	0	0	k__Fungi; p__; c__; o__; f__; g__; s__
ASV77	21	0	0	0	0	0	0	k__Fungi; p__Ascomycota; c__; o__; f__; g__; s__
ASV78	0	0	9	0	0	0	0	k__Fungi; p__Ascomycota; c__; o__; f__; g__; s__
ASV79	0	0	10	0	0	0	0	k__Fungi; p__; c__; o__; f__; g__; s__
ASV80	0	11	0	0	0	0	0	k__Fungi; p__Ascomycota; c__; o__; f__; g__; s__
ASV81	0	0	0	4	0	0	0	k__Fungi; p__Ascomycota; c__; o__; f__; g__; s__
ASV82	0	10	0	0	0	0	0	k__Fungi; p__Ascomycota; c__; o__; f__; g__; s__
ASV83	0	0	6	0	0	0	0	k__Fungi; p__Ascomycota; c__; o__; f__; g__; s__
ASV84	0	0	0	8	0	0	0	k__Fungi; p__Ascomycota; c__; o__; f__; g__; s__
ASV85	7	0	0	0	0	0	0	k__Fungi; p__Ascomycota; c__; o__; f__; g__; s__
ASV86	0	0	21	0	0	0	0	k__Fungi; p__; c__; o__; f__; g__; s__
ASV87	0	63	69	58	0	0	0	k__Fungi; p__; c__; o__; f__; g__; s__
ASV88	0	0	173	100	0	0	0	k__Fungi; p__; c__; o__; f__; g__; s__
ASV89	0	0	124	81	0	0	0	k__Fungi; p__; c__; o__; f__; g__; s__
ASV90	0	0	118	97	0	0	0	k__Fungi; p__; c__; o__; f__; g__; s__
ASV91	0	142	165	103	0	0	0	k__Fungi; p__; c__; o__; f__; g__; s__
ASV92	0	100	145	79	0	0	0	k__Fungi; p__Ascomycota; c__; o__; f__; g__; s__
ASV93	203	133	115	90	0	0	0	k__Fungi; p__; c__; o__; f__; g__; s__
ASV94	0	0	0	12	0	0	0	k__Fungi; p__; c__; o__; f__; g__; s__
ASV95	0	0	21	0	0	0	0	k__Fungi; p__Ascomycota; c__; o__; f__; g__; s__
ASV96	0	7	0	0	0	0	0	k__Fungi; p__Ascomycota; c__; o__; f__; g__; s__
ASV97	0	0	0	33	0	0	0	k__Fungi; p__; c__; o__; f__; g__; s__
ASV98	9	0	0	0	0	0	0	k__Fungi; p__Ascomycota; c__; o__; f__; g__; s__
ASV99	0	3	0	0	0	0	0	k__Fungi; p__; c__; o__; f__; g__; s__
ASV100	0	0	0	29	0	0	0	k__Fungi; p__Ascomycota; c__; o__; f__; g__; s__
ASV101	0	0	46	0	0	0	0	k__Fungi; p__Ascomycota; c__; o__; f__; g__; s__
ASV102	0	6	0	0	0	0	0	k__Fungi; p__Ascomycota; c__; o__; f__; g__; s__
ASV103	0	0	41	0	0	0	0	k__Fungi; p__; c__; o__; f__; g__; s__
ASV104	0	0	0	26	0	0	0	k__Fungi; p__; c__; o__; f__; g__; s__
ASV105	0	0	19	0	0	0	0	k__Fungi; p__Ascomycota; c__; o__; f__; g__; s__
ASV106	0	0	4	0	0	0	0	k__Fungi; p__Ascomycota; c__; o__; f__; g__; s__
ASV107	0	0	7	0	0	0	0	k__Fungi; p__; c__; o__; f__; g__; s__
ASV108	3	0	0	0	0	0	0	k__Fungi; p__; c__; o__; f__; g__; s__
ASV109	3	0	0	0	0	0	0	k__Fungi; p__; c__; o__; f__; g__; s__
ASV110	0	0	21	0	0	0	0	k__Fungi; p__; c__; o__; f__; g__; s__
ASV111	0	12	0	0	0	0	0	k__Fungi; p__; c__; o__; f__; g__; s__
ASV112	0	0	6	0	0	0	0	k__Fungi; p__Ascomycota; c__; o__; f__; g__; s__
ASV113	0	0	0	10	0	0	0	k__Fungi; p__Ascomycota; c__; o__; f__; g__; s__
ASV114	0	0	23	0	0	0	0	k__Fungi; p__Ascomycota; c__; o__; f__; g__; s__
ASV115	0	0	28	39	0	0	0	k__Fungi; p__Ascomycota; c__; o__; f__; g__; s__
ASV116	0	0	30	54	0	0	0	k__Fungi; p__Ascomycota; c__; o__; f__; g__; s__
ASV117	0	0	0	12	0	0	0	k__Fungi; p__Ascomycota; c__; o__; f__; g__; s__
ASV118	0	0	31	0	0	0	0	k__Fungi; p__; c__; o__; f__; g__; s__
ASV119	28	12	153	126	0	0	0	k__Fungi; p__Ascomycota; c__; o__; f__; g__; s__
ASV120	0	17	153	105	0	0	0	k__Fungi; p__Ascomycota; c__; o__; f__; g__; s__
ASV121	11	12	167	112	0	0	0	k__Fungi; p__Ascomycota; c__; o__; f__; g__; s__
ASV122	0	8	114	79	0	0	0	k__Fungi; p__Ascomycota; c__; o__; f__; g__; s__
ASV123	0	50	182	113	0	0	0	k__Fungi; p__Ascomycota; c__; o__; f__; g__; s__
ASV124	0	21	156	96	0	0	0	k__Fungi; p__Ascomycota; c__; o__; f__; g__; s__
ASV125	31	28	133	118	0	0	0	k__Fungi; p__Ascomycota; c__; o__; f__; g__; s__
ASV126	0	0	11	9	0	0	0	k__Fungi; p__Ascomycota; c__; o__; f__; g__; s__
ASV127	0	0	48	56	0	0	0	k__Fungi; p__Ascomycota; c__; o__; f__; g__; s__
ASV128	0	15	69	59	0	0	0	k__Fungi; p__; c__; o__; f__; g__; s__
ASV129	0	0	20	0	0	0	0	k__Fungi; p__; c__; o__; f__; g__; s__
ASV130	0	0	0	51	0	0	0	k__Fungi; p__Ascomycota; c__; o__; f__; g__; s__
ASV131	0	0	42	0	0	0	0	k__Fungi; p__Ascomycota; c__; o__; f__; g__; s__
ASV132	0	0	9	0	0	0	0	k__Fungi; p__Ascomycota; c__; o__; f__; g__; s__
ASV133	0	0	0	16	0	0	0	k__Fungi; p__Ascomycota; c__; o__; f__; g__; s__
ASV134	0	0	0	29	0	0	0	k__Fungi; p__; c__; o__; f__; g__; s__
ASV135	0	0	0	5	0	0	0	k__Fungi; p__Ascomycota; c__; o__; f__; g__; s__
ASV136	0	0	0	7	0	0	0	k__Fungi; p__; c__; o__; f__; g__; s__
ASV137	0	0	53	47	0	0	0	k__Fungi; p__; c__; o__; f__; g__; s__
ASV138	52	31	92	81	0	0	0	k__Fungi; p__; c__; o__; f__; g__; s__
ASV139	0	0	0	4	0	0	0	k__Fungi; p__Ascomycota; c__; o__; f__; g__; s__
ASV140	0	0	15	0	0	0	0	k__Fungi; p__; c__; o__; f__; g__; s__
ASV141	0	0	33	0	0	0	0	k__Fungi; p__Ascomycota; c__; o__; f__; g__; s__
ASV142	3	0	0	0	0	0	0	k__Fungi; p__Basidiomycota; c__Agaricomycetes; o__Polyporales; f__Meruliaceae; g__Ceriporia; s__alachuana
ASV143	0	0	0	0	1323	3237	2889	k__Fungi; p__Basidiomycota; c__Tremellomycetes; o__Filobasidiales; f__Filobasidiaceae; g__Naganishia; s__adeliensis
ASV144	4	0	0	0	0	0	0	k__Fungi; p__Mucoromycota; c__Mucoromycetes; o__Mucorales; f__Rhizopodaceae; g__Rhizopus; s__arrhizus
ASV145	0	0	0	0	3221	6806	4575	k__Fungi; p__Ascomycota; c__Dothideomycetes; o__Pleosporales; f__Pleosporaceae; g__Alternaria; s__
ASV146	6	0	0	0	0	0	0	k__Fungi; p__Ascomycota; c__Sordariomycetes; o__Hypocreales; f__Hypocreales_fam_Incertae_sedis; g__Sarocladium; s__zeae
ASV147	0	0	0	0	236	476	172	k__Fungi; p__Ascomycota; c__Eurotiomycetes; o__Eurotiales; f__Aspergillaceae; g__Aspergillus; s__
ASV148	0	0	0	0	411	914	494	k__Fungi; p__Ascomycota; c__Eurotiomycetes; o__Eurotiales; f__Aspergillaceae; g__Penicillium; s__expansum
ASV149	0	0	0	0	530	1159	674	k__Fungi; p__Ascomycota; c__Eurotiomycetes; o__Eurotiales; f__Aspergillaceae; g__Aspergillus; s__flavus
ASV150	0	0	0	0	579	1344	680	k__Fungi; p__Ascomycota; c__Sordariomycetes; o__Hypocreales; f__Hypocreaceae; g__Trichoderma; s__reesei
ASV151	0	0	0	0	643	1664	1251	k__Fungi; p__Ascomycota; c__Sordariomycetes; o__Hypocreales; f__Nectriaceae; g__Fusarium; s__denticulatum
ASV152	0	0	0	0	1082	2648	1893	k__Fungi; p__Ascomycota; c__Sordariomycetes; o__Hypocreales; f__Nectriaceae; g__Fusarium; s__
ASV153	3899	1063	101	56	1095	2636	1959	k__Fungi; p__Ascomycota; c__Sordariomycetes; o__Hypocreales; f__Nectriaceae; g__Fusarium; s__
ASV154	0	0	0	0	0	18	0	k__Fungi; p__Glomeromycota; c__Glomeromycetes; o__Glomerales; f__Glomeraceae; g__Rhizophagus; s__irregularis
ASV155	0	0	0	0	0	0	33	k__Fungi; p__Glomeromycota; c__Glomeromycetes; o__Glomerales; f__Glomeraceae; g__Rhizophagus; s__irregularis
ASV156	0	0	0	0	139	363	364	k__Fungi; p__Glomeromycota; c__Glomeromycetes; o__Glomerales; f__Glomeraceae; g__Rhizophagus; s__irregularis
ASV157	0	0	0	0	34	99	119	k__Fungi; p__Glomeromycota; c__Glomeromycetes; o__Glomerales; f__Glomeraceae; g__Rhizophagus; s__irregularis
ASV158	0	0	0	0	14	44	63	k__Fungi; p__Glomeromycota; c__Glomeromycetes; o__Glomerales; f__Glomeraceae; g__Rhizophagus; s__irregularis
ASV159	0	0	0	0	808	1896	1431	k__Fungi; p__Ascomycota; c__Saccharomycetes; o__Saccharomycetales; f__Saccharomycetales_fam_Incertae_sedis; g__Candida; s__apicola
ASV160	14	0	0	0	0	0	0	k__Fungi; p__Ascomycota; c__Saccharomycetes; o__Saccharomycetales; f__Saccharomycetales_fam_Incertae_sedis; g__Candida; s__tropicalis
ASV161	5	0	0	0	0	0	0	k__Fungi; p__Basidiomycota; c__Microbotryomycetes; o__Sporidiobolales; f__Sporidiobolaceae; g__Rhodotorula; s__paludigena
ASV162	0	0	13	0	0	0	0	k__Fungi; p__Basidiomycota; c__Wallemiomycetes; o__Wallemiales; f__Wallemiaceae; g__Wallemia; s__muriae
ASV163	6	0	0	32	0	0	0	k__Fungi; p__Basidiomycota; c__Wallemiomycetes; o__Wallemiales; f__Wallemiaceae; g__Wallemia; s__muriae
ASV164	19	0	0	0	0	0	0	k__Fungi; p__Basidiomycota; c__Tremellomycetes; o__Trichosporonales; f__Trichosporonaceae; g__Trichosporon; s__asahii
ASV165	0	0	0	0	879	2040	1642	k__Fungi; p__Ascomycota; c__Taphrinomycetes; o__Taphrinales; f__Protomycetaceae; g__Saitoella; s__complicata
ASV166	0	0	0	0	371	1008	1030	k__Fungi; p__Basidiomycota; c__Agaricomycetes; o__Cantharellales; f__Ceratobasidiaceae; g__; s__
ASV167	26	0	0	0	1585	3919	3045	k__Fungi; p__Mortierellomycota; c__Mortierellomycetes; o__Mortierellales; f__Mortierellaceae; g__Mortierella; s__humilis
ASV168	0	0	0	0	0	0	2	k__Fungi; p__Basidiomycota; c__Ustilaginomycetes; o__Ustilaginales; f__Ustilaginaceae; g__; s__
