	sample1	sample2	sample3	taxonomy
ASV1	0	220	0	k__Bacteria; p__Bacteroidetes; c__Bacteroidia; o__Bacteroidales; f__Bacteroidaceae; g__Bacteroides; s__ 
ASV2	0	0	149	k__Bacteria; p__Thermotogae; c__Thermotogae; o__Thermotogales; f__Thermotogaceae; g__Thermotoga; s__ 
ASV3	0	200	0	k__Bacteria; p__Deinococcus-Thermus; c__Deinococci; o__Deinococcales; f__Deinococcaceae; g__Deinococcus; s__ 
ASV4	106	0	0	k__Bacteria; p__Deinococcus-Thermus; c__Deinococci; o__Thermales; f__Thermaceae; g__Thermus; s__ 
ASV5	84	0	0	k__Bacteria; p__Deinococcus-Thermus; c__Deinococci; o__Thermales; f__Thermaceae; g__Thermus; s__ 
ASV6	0	114	0	k__Bacteria; p__Spirochaetes; c__Spirochaetia; o__Spirochaetales; f__Spirochaetaceae; g__Treponema_2; s__ 
ASV7	161	0	0	k__Bacteria; p__Proteobacteria; c__Gammaproteobacteria; o__Betaproteobacteriales; f__Nitrosomonadaceae; g__Nitrosomonas; s__ 
ASV8	0	141	0	k__Bacteria; p__Thermotogae; c__Thermotogae; o__Thermotogales; f__Thermotogaceae; g__Thermotoga; s__ 
ASV9	0	169	0	k__Bacteria; p__Thermotogae; c__Thermotogae; o__Thermotogales; f__Thermotogaceae; g__Thermotoga; s__ 
ASV10	0	185	0	k__Archaea; p__Euryarchaeota; c__Methanococci; o__Methanococcales; f__Methanococcaceae; g__Methanococcus; s__ 
ASV11	8	0	0	k__Bacteria; p__Proteobacteria; c__Gammaproteobacteria; o__Enterobacteriales; f__Enterobacteriaceae; g__ ; s__ 
ASV12	128	0	0	k__Bacteria; p__Chloroflexi; c__Chloroflexia; o__Chloroflexales; f__Chloroflexaceae; g__Chloroflexus; s__ 
ASV13	0	176	0	k__Bacteria; p__Bacteroidetes; c__Chlorobia; o__Chlorobiales; f__Chlorobiaceae; g__Chlorobium; s__ 
ASV14	0	0	162	k__Bacteria; p__Fusobacteria; c__Fusobacteriia; o__Fusobacteriales; f__Fusobacteriaceae; g__Fusobacterium; s__ 
ASV15	0	189	0	k__Bacteria; p__Verrucomicrobia; c__Verrucomicrobiae; o__Verrucomicrobiales; f__Akkermansiaceae; g__Akkermansia; s__ 
ASV16	0	0	56	k__Bacteria; p__Planctomycetes; c__Planctomycetacia; o__Pirellulales; f__Pirellulaceae; g__Rhodopirellula; s__ 
ASV17	0	0	77	k__Bacteria; p__Planctomycetes; c__Planctomycetacia; o__Pirellulales; f__Pirellulaceae; g__Rhodopirellula; s__ 
ASV18	134	0	0	k__Bacteria; p__Firmicutes; c__Clostridia; o__Thermoanaerobacterales; f__Family_III; g__Caldicellulosiruptor; s__ 
ASV19	0	0	141	k__Bacteria; p__Acidobacteria; c__Acidobacteriia; o__Acidobacteriales; f__Acidobacteriaceae_(Subgroup_1); g__Acidobacterium; s__ 
ASV20	0	18	0	k__Bacteria; p__Bacteroidetes; c__Bacteroidia; o__Flavobacteriales; f__Flavobacteriaceae; g__Flavobacterium; s__ 
ASV21	0	0	108	k__Bacteria; p__Proteobacteria; c__Gammaproteobacteria; o__Betaproteobacteriales; f__Nitrosomonadaceae; g__Nitrosomonas; s__ 
ASV22	0	185	0	k__Bacteria; p__Proteobacteria; c__Gammaproteobacteria; o__Alteromonadales; f__Shewanellaceae; g__Shewanella; s__ 
ASV23	0	0	62	k__Bacteria; p__Firmicutes; c__Clostridia; o__Thermoanaerobacterales; f__Family_III; g__Caldicellulosiruptor; s__ 
ASV24	0	0	125	k__Bacteria; p__Proteobacteria; c__Deltaproteobacteria; o__Desulfovibrionales; f__Desulfovibrionaceae; g__Desulfovibrio; s__ 
ASV25	90	0	0	k__Bacteria; p__Bacteroidetes; c__Bacteroidia; o__Bacteroidales; f__Bacteroidaceae; g__Bacteroides; s__ 
ASV26	281	0	0	k__Bacteria; p__Bacteroidetes; c__Bacteroidia; o__Bacteroidales; f__Bacteroidaceae; g__Bacteroides; s__ 
ASV27	0	0	22	k__Bacteria; p__Bacteroidetes; c__Chlorobia; o__Chlorobiales; f__Chlorobiaceae; g__Chlorobium; s__ 
ASV28	0	128	0	k__Bacteria; p__Proteobacteria; c__Gammaproteobacteria; o__Enterobacteriales; f__Enterobacteriaceae; g__Escherichia/Shigella; s__ 
ASV29	0	110	0	k__Bacteria; p__Chloroflexi; c__Chloroflexia; o__Chloroflexales; f__Herpetosiphonaceae; g__Herpetosiphon; s__ 
ASV30	193	0	0	k__Bacteria; p__Proteobacteria; c__Gammaproteobacteria; o__Alteromonadales; f__Shewanellaceae; g__Shewanella; s__ 
ASV31	163	0	0	k__Bacteria; p__Firmicutes; c__Clostridia; o__Thermoanaerobacterales; f__Family_III; g__Caldicellulosiruptor; s__ 
ASV32	0	160	0	k__Bacteria; p__Proteobacteria; c__Deltaproteobacteria; o__Desulfovibrionales; f__Desulfovibrionaceae; g__Desulfovibrio; s__ 
ASV33	127	0	0	k__Bacteria; p__Proteobacteria; c__Gammaproteobacteria; o__Alteromonadales; f__Shewanellaceae; g__Shewanella; s__ 
ASV34	0	122	0	k__Bacteria; p__Firmicutes; c__Clostridia; o__Thermoanaerobacterales; f__Family_III; g__Caldicellulosiruptor; s__ 
ASV35	0	86	0	k__Bacteria; p__Firmicutes; c__Clostridia; o__Thermoanaerobacterales; f__Family_III; g__Caldicellulosiruptor; s__ 
ASV36	0	0	35	k__Bacteria; p__Bacteroidetes; c__Bacteroidia; o__Bacteroidales; f__Porphyromonadaceae; g__Porphyromonas; s__ 
ASV37	0	148	0	k__Bacteria; p__Proteobacteria; c__Gammaproteobacteria; o__Betaproteobacteriales; f__Burkholderiaceae; g__Leptothrix; s__ 
ASV38	0	4	0	k__Bacteria; p__Firmicutes; c__Clostridia; o__Clostridiales; f__Family_XI; g__Anaerosphaera; s__ 
ASV39	0	35	0	k__Bacteria; p__Proteobacteria; c__Gammaproteobacteria; o__Pseudomonadales; f__Pseudomonadaceae; g__Pseudomonas; s__ 
ASV40	0	0	120	k__Bacteria; p__Proteobacteria; c__Gammaproteobacteria; o__Betaproteobacteriales; f__Burkholderiaceae; g__Leptothrix; s__ 
ASV41	0	105	0	k__Archaea; p__Crenarchaeota; c__Thermoprotei; o__Sulfolobales; f__Sulfolobaceae; g__Sulfurisphaera; s__ 
ASV42	0	107	0	k__Bacteria; p__Proteobacteria; c__Gammaproteobacteria; o__Alteromonadales; f__Shewanellaceae; g__Shewanella; s__ 
ASV43	0	0	54	k__Bacteria; p__Proteobacteria; c__Gammaproteobacteria; o__Pseudomonadales; f__Moraxellaceae; g__Acinetobacter; s__ 
ASV44	0	132	0	k__Bacteria; p__Chloroflexi; c__Chloroflexia; o__Chloroflexales; f__Chloroflexaceae; g__Chloroflexus; s__ 
ASV45	0	0	82	k__Bacteria; p__Firmicutes; c__Clostridia; o__Clostridiales; f__Ruminococcaceae; g__Acetivibrio; s__ 
ASV46	0	0	122	k__Bacteria; p__Actinobacteria; c__Actinobacteria; o__Micromonosporales; f__Micromonosporaceae; g__Salinispora; s__ 
ASV47	0	18	0	k__Bacteria; p__Proteobacteria; c__Gammaproteobacteria; o__Xanthomonadales; f__Xanthomonadaceae; g__Stenotrophomonas; s__ 
ASV48	7	0	0	k__Bacteria; p__Proteobacteria; c__Alphaproteobacteria; o__Sphingomonadales; f__Sphingomonadaceae; g__Novosphingobium; s__ 
ASV49	0	54	0	k__Archaea; p__Euryarchaeota; c__Methanococci; o__Methanococcales; f__Methanocaldococcaceae; g__Methanocaldococcus; s__ 
ASV50	0	0	89	k__Bacteria; p__Aquificae; c__Aquificae; o__Aquificales; f__Hydrogenobaculaceae; g__Hydrogenobaculum; s__ 
ASV51	0	0	94	k__Bacteria; p__Bacteroidetes; c__Bacteroidia; o__Bacteroidales; f__Bacteroidaceae; g__Bacteroides; s__ 
ASV52	0	0	71	k__Archaea; p__Euryarchaeota; c__Methanococci; o__Methanococcales; f__Methanococcaceae; g__Methanococcus; s__ 
ASV53	0	194	0	k__Bacteria; p__Fusobacteria; c__Fusobacteriia; o__Fusobacteriales; f__Fusobacteriaceae; g__Fusobacterium; s__ 
ASV54	0	169	0	k__Bacteria; p__Proteobacteria; c__Gammaproteobacteria; o__Alteromonadales; f__Shewanellaceae; g__Shewanella; s__ 
ASV55	0	0	168	k__Bacteria; p__Firmicutes; c__Bacilli; o__Lactobacillales; f__Enterococcaceae; g__Enterococcus; s__ 
ASV56	0	113	0	k__Bacteria; p__Proteobacteria; c__Alphaproteobacteria; o__Sphingomonadales; f__Sphingomonadaceae; g__Zymomonas; s__ 
ASV57	0	125	0	k__Bacteria; p__Bacteroidetes; c__Chlorobia; o__Chlorobiales; f__Chlorobiaceae; g__Chlorobaculum; s__ 
ASV58	0	2	0	k__Bacteria; p__Proteobacteria; c__Gammaproteobacteria; o__Enterobacteriales; f__Enterobacteriaceae; g__Escherichia/Shigella; s__ 
ASV59	51	0	0	k__Bacteria; p__Bacteroidetes; c__Chlorobia; o__Chlorobiales; f__Chlorobiaceae; g__Chlorobium; s__ 
ASV60	59	0	0	k__Bacteria; p__Bacteroidetes; c__Chlorobia; o__Chlorobiales; f__Chlorobiaceae; g__Chlorobium; s__ 
ASV61	47	0	0	k__Bacteria; p__Bacteroidetes; c__Chlorobia; o__Chlorobiales; f__Chlorobiaceae; g__Chlorobium; s__ 
ASV62	0	0	4	k__Eukaryota; p__ ; c__ ; o__ ; f__ ; g__ ; s__ 
ASV63	51	0	0	k__Bacteria; p__Proteobacteria; c__Gammaproteobacteria; o__Enterobacteriales; f__Enterobacteriaceae; g__Escherichia/Shigella; s__ 
ASV64	3	0	0	k__Bacteria; p__Bacteroidetes; c__Chlorobia; o__Chlorobiales; f__Chlorobiaceae; g__Chlorobaculum; s__ 
ASV65	2	0	0	k__Bacteria; p__Bacteroidetes; c__Chlorobia; o__Chlorobiales; f__Chlorobiaceae; g__Chlorobium; s__ 
ASV66	2	0	0	k__Bacteria; p__Bacteroidetes; c__Chlorobia; o__Chlorobiales; f__Chlorobiaceae; g__Chlorobium; s__ 
ASV67	2	0	8	k__Bacteria; p__Bacteroidetes; c__Chlorobia; o__Chlorobiales; f__Chlorobiaceae; g__Chlorobium; s__ 
ASV68	117	0	0	k__Archaea; p__Euryarchaeota; c__Methanococci; o__Methanococcales; f__Methanococcaceae; g__Methanococcus; s__ 
ASV69	94	154	0	k__Archaea; p__Euryarchaeota; c__Methanococci; o__Methanococcales; f__Methanococcaceae; g__Methanococcus; s__ 
ASV70	227	168	0	k__Bacteria; p__Spirochaetes; c__Spirochaetia; o__Spirochaetales; f__Spirochaetaceae; g__Treponema_2; s__ 
ASV71	117	144	0	k__Bacteria; p__Spirochaetes; c__Spirochaetia; o__Spirochaetales; f__Spirochaetaceae; g__Treponema_2; s__ 
ASV72	98	117	0	k__Bacteria; p__Planctomycetes; c__Planctomycetacia; o__Pirellulales; f__Pirellulaceae; g__Rhodopirellula; s__ 
ASV73	135	143	0	k__Bacteria; p__Planctomycetes; c__Planctomycetacia; o__Pirellulales; f__Pirellulaceae; g__Rhodopirellula; s__ 
ASV74	178	0	0	k__Bacteria; p__Actinobacteria; c__Actinobacteria; o__Micromonosporales; f__Micromonosporaceae; g__Salinispora; s__ 
ASV75	0	0	44	k__Bacteria; p__Firmicutes; c__Clostridia; o__Thermoanaerobacterales; f__Thermoanaerobacteraceae; g__Thermoanaerobacter; s__ 
ASV76	168	219	0	k__Bacteria; p__Firmicutes; c__Clostridia; o__Thermoanaerobacterales; f__Thermoanaerobacteraceae; g__Thermoanaerobacter; s__ 
ASV77	296	301	117	k__Bacteria; p__Verrucomicrobia; c__Verrucomicrobiae; o__Verrucomicrobiales; f__Akkermansiaceae; g__Akkermansia; s__ 
ASV78	0	123	0	k__Bacteria; p__Acidobacteria; c__Acidobacteriia; o__Acidobacteriales; f__Acidobacteriaceae_(Subgroup_1); g__Acidobacterium; s__ 
ASV79	424	151	0	k__Bacteria; p__Bacteroidetes; c__Bacteroidia; o__Bacteroidales; f__Bacteroidaceae; g__Bacteroides; s__ 
ASV80	272	324	0	k__Bacteria; p__Cyanobacteria; c__Oxyphotobacteria; o__Nostocales; f__Nostocaceae; g__Nostoc_PCC-7524; s__ 
ASV81	220	299	0	k__Bacteria; p__Bacteroidetes; c__Bacteroidia; o__Bacteroidales; f__Porphyromonadaceae; g__Porphyromonas; s__ 
ASV82	0	12	0	k__Bacteria; p__Proteobacteria; c__Alphaproteobacteria; o__Sphingomonadales; f__Sphingomonadaceae; g__Novosphingobium; s__ 
ASV83	0	144	33	k__Bacteria; p__Deinococcus-Thermus; c__Deinococci; o__Thermales; f__Thermaceae; g__Thermus; s__ 
ASV84	97	140	0	k__Bacteria; p__Proteobacteria; c__Alphaproteobacteria; o__Rhodobacterales; f__Rhodobacteraceae; g__ ; s__ 
ASV85	256	354	169	k__Bacteria; p__Proteobacteria; c__Alphaproteobacteria; o__Rhodobacterales; f__Rhodobacteraceae; g__ ; s__ 
ASV86	138	128	130	k__Bacteria; p__Proteobacteria; c__Gammaproteobacteria; o__Alteromonadales; f__Shewanellaceae; g__Shewanella; s__ 
ASV87	101	90	92	k__Bacteria; p__Proteobacteria; c__Gammaproteobacteria; o__Alteromonadales; f__Shewanellaceae; g__Shewanella; s__ 
ASV88	83	68	83	k__Bacteria; p__Proteobacteria; c__Gammaproteobacteria; o__Alteromonadales; f__Shewanellaceae; g__Shewanella; s__ 
ASV89	281	284	281	k__Bacteria; p__Proteobacteria; c__Gammaproteobacteria; o__Alteromonadales; f__Shewanellaceae; g__Shewanella; s__ 
ASV90	141	112	100	k__Bacteria; p__Proteobacteria; c__Deltaproteobacteria; o__Desulfovibrionales; f__Desulfovibrionaceae; g__Desulfovibrio; s__ 
ASV91	301	213	221	k__Bacteria; p__Proteobacteria; c__Deltaproteobacteria; o__Desulfovibrionales; f__Desulfovibrionaceae; g__Desulfovibrio; s__ 
ASV92	111	0	0	k__Bacteria; p__Proteobacteria; c__Gammaproteobacteria; o__Enterobacteriales; f__Enterobacteriaceae; g__Dickeya; s__ 
ASV93	84	0	0	k__Bacteria; p__Proteobacteria; c__Gammaproteobacteria; o__Enterobacteriales; f__Enterobacteriaceae; g__Dickeya; s__ 
ASV94	255	0	0	k__Bacteria; p__Proteobacteria; c__Gammaproteobacteria; o__Enterobacteriales; f__Enterobacteriaceae; g__Dickeya; s__ 
ASV95	152	0	110	k__Bacteria; p__Deinococcus-Thermus; c__Deinococci; o__Deinococcales; f__Deinococcaceae; g__Deinococcus; s__ 
ASV96	174	147	0	k__Bacteria; p__Proteobacteria; c__Deltaproteobacteria; o__Desulfovibrionales; f__Desulfovibrionaceae; g__Desulfovibrio; s__ 
ASV97	80	0	109	k__Bacteria; p__Chloroflexi; c__Chloroflexia; o__Chloroflexales; f__Herpetosiphonaceae; g__Herpetosiphon; s__ 
ASV98	72	0	0	k__Bacteria; p__Chloroflexi; c__Chloroflexia; o__Chloroflexales; f__Herpetosiphonaceae; g__Herpetosiphon; s__ 
ASV99	0	107	169	k__Bacteria; p__Proteobacteria; c__Gammaproteobacteria; o__Betaproteobacteriales; f__Burkholderiaceae; g__Bordetella; s__ 
ASV100	0	267	407	k__Bacteria; p__Proteobacteria; c__Gammaproteobacteria; o__Betaproteobacteriales; f__Burkholderiaceae; g__Bordetella; s__ 
ASV101	98	0	0	k__Bacteria; p__Proteobacteria; c__Gammaproteobacteria; o__Betaproteobacteriales; f__Burkholderiaceae; g__Leptothrix; s__ 
ASV102	0	132	137	k__Bacteria; p__Aquificae; c__Aquificae; o__Hydrogenothermales; f__Hydrogenothermaceae; g__Persephonella; s__ 
ASV103	190	285	75	k__Bacteria; p__Aquificae; c__Aquificae; o__Hydrogenothermales; f__Hydrogenothermaceae; g__Sulfurihydrogenibium; s__ 
ASV104	0	162	0	k__Bacteria; p__Aquificae; c__Aquificae; o__Aquificales; f__Hydrogenobaculaceae; g__Hydrogenobaculum; s__ 
ASV105	167	208	0	k__Bacteria; p__Firmicutes; c__Bacilli; o__Lactobacillales; f__Enterococcaceae; g__Enterococcus; s__ 
ASV106	0	208	0	k__Bacteria; p__Firmicutes; c__Clostridia; o__Thermoanaerobacterales; f__Family_III; g__Caldicellulosiruptor; s__ 
ASV107	171	199	0	k__Bacteria; p__Firmicutes; c__Clostridia; o__Clostridiales; f__Ruminococcaceae; g__Acetivibrio; s__ 
ASV108	204	0	0	k__Bacteria; p__Fusobacteria; c__Fusobacteriia; o__Fusobacteriales; f__Fusobacteriaceae; g__Fusobacterium; s__ 
ASV109	0	127	0	k__Bacteria; p__Fusobacteria; c__Fusobacteriia; o__Fusobacteriales; f__Fusobacteriaceae; g__Fusobacterium; s__ 
ASV110	138	0	0	k__Bacteria; p__Bacteroidetes; c__Chlorobia; o__Chlorobiales; f__Chlorobiaceae; g__Chlorobium; s__ 
ASV111	0	136	0	k__Bacteria; p__Bacteroidetes; c__Chlorobia; o__Chlorobiales; f__Chlorobiaceae; g__Chlorobium; s__ 
ASV112	153	104	0	k__Bacteria; p__Bacteroidetes; c__Chlorobia; o__Chlorobiales; f__Chlorobiaceae; g__Chlorobium; s__ 
ASV113	279	0	0	k__Bacteria; p__Thermotogae; c__Thermotogae; o__Thermotogales; f__Thermotogaceae; g__Thermotoga; s__ 
ASV114	0	95	0	k__Bacteria; p__Dictyoglomi; c__Dictyoglomia; o__Dictyoglomales; f__Dictyoglomaceae; g__Dictyoglomus; s__ 
ASV115	0	0	139	k__Bacteria; p__Firmicutes; c__Clostridia; o__Thermoanaerobacterales; f__Family_III; g__Caldicellulosiruptor; s__ 
ASV116	0	0	6	k__Bacteria; p__Proteobacteria; c__Gammaproteobacteria; o__Betaproteobacteriales; f__Burkholderiaceae; g__Bordetella; s__ 
ASV117	0	0	4	k__Bacteria; p__Proteobacteria; c__Gammaproteobacteria; o__Betaproteobacteriales; f__Burkholderiaceae; g__Bordetella; s__ 
ASV118	0	196	0	k__Bacteria; p__Actinobacteria; c__Actinobacteria; o__Micromonosporales; f__Micromonosporaceae; g__Salinispora; s__ 
ASV119	0	85	0	k__Bacteria; p__Proteobacteria; c__Gammaproteobacteria; o__Pseudomonadales; f__Moraxellaceae; g__Acinetobacter; s__ 
ASV120	0	135	0	k__Bacteria; p__Bacteroidetes; c__Bacteroidia; o__Bacteroidales; f__Bacteroidaceae; g__Bacteroides; s__ 
ASV121	0	127	0	k__Bacteria; p__Bacteroidetes; c__Bacteroidia; o__Bacteroidales; f__Bacteroidaceae; g__Bacteroides; s__ 
ASV122	0	352	189	k__Bacteria; p__Bacteroidetes; c__Bacteroidia; o__Bacteroidales; f__Bacteroidaceae; g__Bacteroides; s__ 
ASV123	0	0	171	k__Bacteria; p__Cyanobacteria; c__Oxyphotobacteria; o__Nostocales; f__Nostocaceae; g__Nostoc_PCC-7524; s__ 
ASV124	0	154	0	k__Bacteria; p__Proteobacteria; c__Gammaproteobacteria; o__Enterobacteriales; f__Enterobacteriaceae; g__ ; s__ 
ASV125	0	116	0	k__Bacteria; p__Proteobacteria; c__Gammaproteobacteria; o__Enterobacteriales; f__Enterobacteriaceae; g__ ; s__ 
ASV126	0	85	0	k__Bacteria; p__Proteobacteria; c__Gammaproteobacteria; o__Enterobacteriales; f__Enterobacteriaceae; g__Brenneria; s__ 
ASV127	0	308	0	k__Bacteria; p__Proteobacteria; c__Gammaproteobacteria; o__Enterobacteriales; f__Enterobacteriaceae; g__Dickeya; s__ 
ASV128	205	0	0	k__Bacteria; p__Proteobacteria; c__Gammaproteobacteria; o__Betaproteobacteriales; f__Burkholderiaceae; g__Bordetella; s__ 
ASV129	0	3	0	k__Bacteria; p__Planctomycetes; c__Phycisphaerae; o__Phycisphaerales; f__Phycisphaeraceae; g__SM1A02; s__ 
ASV130	0	74	0	k__Archaea; p__Crenarchaeota; c__Thermoprotei; o__Thermoproteales; f__Thermoproteaceae; g__Pyrobaculum; s__ 
ASV131	216	195	0	k__Bacteria; p__Proteobacteria; c__Gammaproteobacteria; o__Alteromonadales; f__Shewanellaceae; g__Shewanella; s__ 
ASV132	43	0	0	k__Bacteria; p__Proteobacteria; c__Gammaproteobacteria; o__Pseudomonadales; f__Pseudomonadaceae; g__Pseudomonas; s__ 
ASV133	0	53	0	k__Bacteria; p__Proteobacteria; c__Deltaproteobacteria; o__Desulfovibrionales; f__Desulfovibrionaceae; g__Desulfovibrio; s__ 
ASV134	123	0	0	k__Bacteria; p__Aquificae; c__Aquificae; o__Aquificales; f__Hydrogenobaculaceae; g__Hydrogenobaculum; s__ 
ASV135	0	0	187	k__Bacteria; p__Proteobacteria; c__Gammaproteobacteria; o__Alteromonadales; f__Shewanellaceae; g__Shewanella; s__ 
ASV136	0	107	0	k__Bacteria; p__Proteobacteria; c__Gammaproteobacteria; o__Betaproteobacteriales; f__Nitrosomonadaceae; g__Nitrosomonas; s__ 
ASV137	0	93	0	k__Bacteria; p__Proteobacteria; c__Gammaproteobacteria; o__Alteromonadales; f__Shewanellaceae; g__Shewanella; s__ 
ASV138	0	51	0	k__Archaea; p__Euryarchaeota; c__Methanococci; o__Methanococcales; f__Methanocaldococcaceae; g__Methanocaldococcus; s__ 
ASV139	0	0	21	k__Bacteria; p__Actinobacteria; c__Actinobacteria; o__Bifidobacteriales; f__Bifidobacteriaceae; g__Bifidobacterium; s__ 
ASV140	172	0	0	k__Bacteria; p__Aquificae; c__Aquificae; o__Hydrogenothermales; f__Hydrogenothermaceae; g__Persephonella; s__ 
ASV141	54	0	0	k__Archaea; p__Crenarchaeota; c__Thermoprotei; o__Sulfolobales; f__Sulfolobaceae; g__Sulfurisphaera; s__ 
ASV142	89	0	0	k__Bacteria; p__Acidobacteria; c__Acidobacteriia; o__Acidobacteriales; f__Acidobacteriaceae_(Subgroup_1); g__Acidobacterium; s__ 
ASV143	0	73	0	k__Bacteria; p__Gemmatimonadetes; c__Gemmatimonadetes; o__Gemmatimonadales; f__Gemmatimonadaceae; g__Gemmatimonas; s__ 
ASV144	0	8	0	k__Bacteria; p__Proteobacteria; c__Gammaproteobacteria; o__Betaproteobacteriales; f__TRA3-20; g__ ; s__ 
ASV145	0	47	0	k__Bacteria; p__Spirochaetes; c__Spirochaetia; o__Spirochaetales; f__Spirochaetaceae; g__Treponema_2; s__ 
ASV146	0	3	0	k__Bacteria; p__Bacteroidetes; c__Bacteroidia; o__Cytophagales; f__Microscillaceae; g__Siphonobacter; s__ 
ASV147	47	0	0	k__Bacteria; p__Actinobacteria; c__Actinobacteria; o__Bifidobacteriales; f__Bifidobacteriaceae; g__Bifidobacterium; s__ 
ASV148	83	0	0	k__Bacteria; p__Dictyoglomi; c__Dictyoglomia; o__Dictyoglomales; f__Dictyoglomaceae; g__Dictyoglomus; s__ 
ASV149	0	14	0	k__Bacteria; p__Proteobacteria; c__Alphaproteobacteria; o__Rhizobiales; f__Xanthobacteraceae; g__ ; s__ 
ASV150	0	140	0	k__Bacteria; p__Bacteroidetes; c__Bacteroidia; o__Bacteroidales; f__Bacteroidaceae; g__Bacteroides; s__ 
ASV151	85	0	0	k__Archaea; p__Euryarchaeota; c__Methanococci; o__Methanococcales; f__Methanocaldococcaceae; g__Methanocaldococcus; s__ 
ASV152	75	0	0	k__Bacteria; p__Proteobacteria; c__Alphaproteobacteria; o__Sphingomonadales; f__Sphingomonadaceae; g__Zymomonas; s__ 
ASV153	101	0	0	k__Bacteria; p__Proteobacteria; c__Alphaproteobacteria; o__Sphingomonadales; f__Sphingomonadaceae; g__Zymomonas; s__ 
ASV154	41	0	0	k__Bacteria; p__Proteobacteria; c__Gammaproteobacteria; o__Pseudomonadales; f__Moraxellaceae; g__Acinetobacter; s__ 
ASV155	50	0	0	k__Bacteria; p__Proteobacteria; c__Gammaproteobacteria; o__Alteromonadales; f__Shewanellaceae; g__Shewanella; s__ 
ASV156	0	3	0	k__Bacteria; p__Actinobacteria; c__Actinobacteria; o__ ; f__ ; g__ ; s__ 
ASV157	19	0	0	k__Bacteria; p__Bacteroidetes; c__Chlorobia; o__Chlorobiales; f__Chlorobiaceae; g__Chlorobium; s__ 
ASV158	24	0	0	k__Bacteria; p__Bacteroidetes; c__Chlorobia; o__Chlorobiales; f__Chlorobiaceae; g__Chlorobium; s__ 
