	Orwoll_BI0023_BI	Orwoll_BI0056_BI	Orwoll_BI0131_BI	Orwoll_BI0153_BI	Orwoll_BI0215_BI	Orwoll_BI0333_BI	Orwoll_BI0353_BI	taxonomy
ASV1	12	0	0	0	0	0	0	k__Bacteria; p__Firmicutes; c__Clostridia; o__Clostridiales; f__Ruminococcaceae; g__Subdoligranulum; s__ 
ASV2	218	0	0	231	204	0	306	k__Bacteria; p__Firmicutes; c__Clostridia; o__Clostridiales; f__Ruminococcaceae; g__Subdoligranulum; s__ 
ASV3	0	0	0	0	79	0	0	k__Bacteria; p__Firmicutes; c__Clostridia; o__Clostridiales; f__Ruminococcaceae; g__Subdoligranulum; s__ 
ASV4	0	0	0	143	0	0	0	k__Bacteria; p__Firmicutes; c__Clostridia; o__Clostridiales; f__Ruminococcaceae; g__Subdoligranulum; s__ 
ASV5	0	0	26	68	0	0	0	k__Bacteria; p__Firmicutes; c__Clostridia; o__Clostridiales; f__Ruminococcaceae; g__Subdoligranulum; s__ 
ASV6	100	24	6	19	21	0	54	k__Bacteria; p__Firmicutes; c__Clostridia; o__Clostridiales; f__Ruminococcaceae; g__UBA1819; s__ 
ASV7	55	0	155	118	1764	0	186	k__Bacteria; p__Firmicutes; c__Clostridia; o__Clostridiales; f__Ruminococcaceae; g__Subdoligranulum; s__ 
ASV8	17	5	11	0	0	0	0	k__Bacteria; p__Firmicutes; c__Clostridia; o__Clostridiales; f__Ruminococcaceae; g__Anaerofilum; s__ 
ASV9	472	229	241	748	534	0	559	k__Bacteria; p__Firmicutes; c__Clostridia; o__Clostridiales; f__Ruminococcaceae; g__Faecalibacterium; s__prausnitzii
ASV10	669	0	938	3916	1469	0	4494	k__Bacteria; p__Firmicutes; c__Clostridia; o__Clostridiales; f__Ruminococcaceae; g__Faecalibacterium; s__ 
ASV11	0	0	214	0	0	0	0	k__Bacteria; p__Firmicutes; c__Clostridia; o__Clostridiales; f__Ruminococcaceae; g__Faecalibacterium; s__ 
ASV12	0	0	0	499	195	0	0	k__Bacteria; p__Firmicutes; c__Clostridia; o__Clostridiales; f__Ruminococcaceae; g__Faecalibacterium; s__prausnitzii
ASV13	0	0	796	182	193	0	1432	k__Bacteria; p__Firmicutes; c__Clostridia; o__Clostridiales; f__Ruminococcaceae; g__Faecalibacterium; s__ 
ASV14	0	0	191	0	0	0	0	k__Bacteria; p__Firmicutes; c__Clostridia; o__Clostridiales; f__Ruminococcaceae; g__Faecalibacterium; s__ 
ASV15	0	0	154	0	0	0	0	k__Bacteria; p__Firmicutes; c__Clostridia; o__Clostridiales; f__Ruminococcaceae; g__Faecalibacterium; s__ 
ASV16	0	0	37	221	49	0	0	k__Bacteria; p__Firmicutes; c__Clostridia; o__Clostridiales; f__Ruminococcaceae; g__Faecalibacterium; s__ 
ASV17	0	0	2	0	0	0	0	k__Bacteria; p__Firmicutes; c__Clostridia; o__Clostridiales; f__ ; g__ ; s__ 
ASV18	0	5	0	0	0	0	0	k__Bacteria; p__Firmicutes; c__Clostridia; o__Clostridiales; f__Ruminococcaceae; g__Anaerofilum; s__ 
ASV19	0	0	0	51	0	0	0	k__Bacteria; p__Firmicutes; c__Clostridia; o__Clostridiales; f__Ruminococcaceae; g__Fournierella; s__ 
ASV20	0	0	0	0	4	0	0	k__Bacteria; p__Firmicutes; c__Clostridia; o__Clostridiales; f__Ruminococcaceae; g__Fournierella; s__ 
ASV21	0	0	0	10	0	0	0	k__Bacteria; p__Firmicutes; c__Clostridia; o__Clostridiales; f__Ruminococcaceae; g__Fournierella; s__ 
ASV22	8	0	0	0	0	0	0	k__Bacteria; p__Firmicutes; c__Clostridia; o__Clostridiales; f__Ruminococcaceae; g__Fournierella; s__ 
ASV23	0	0	10	0	0	0	0	k__Bacteria; p__Firmicutes; c__Clostridia; o__Clostridiales; f__Ruminococcaceae; g__Fournierella; s__ 
ASV24	0	14	0	56	0	0	0	k__Bacteria; p__Firmicutes; c__Clostridia; o__Clostridiales; f__Ruminococcaceae; g__UBA1819; s__ 
ASV25	8	0	0	0	0	0	0	k__Archaea; p__Euryarchaeota; c__Methanobacteria; o__Methanobacteriales; f__Methanobacteriaceae; g__Methanobrevibacter; s__ 
ASV26	3	0	0	0	0	0	0	k__Bacteria; p__Firmicutes; c__Clostridia; o__Clostridiales; f__Syntrophomonadaceae; g__Syntrophomonas; s__ 
ASV27	0	0	0	0	196	0	0	k__Bacteria; p__Verrucomicrobia; c__Verrucomicrobiae; o__Verrucomicrobiales; f__Akkermansiaceae; g__Akkermansia; s__muciniphila
ASV28	0	0	263	0	0	0	0	k__Bacteria; p__Verrucomicrobia; c__Verrucomicrobiae; o__Verrucomicrobiales; f__Akkermansiaceae; g__Akkermansia; s__ 
ASV29	768	0	0	22	0	0	0	k__Bacteria; p__Verrucomicrobia; c__Verrucomicrobiae; o__Verrucomicrobiales; f__Akkermansiaceae; g__Akkermansia; s__muciniphila
ASV30	0	0	99	0	0	0	0	k__Bacteria; p__Tenericutes; c__Mollicutes; o__Izimaplasmatales; f__ ; g__ ; s__ 
ASV31	0	7	0	0	0	0	0	k__Bacteria; p__Tenericutes; c__Mollicutes; o__Izimaplasmatales; f__ ; g__ ; s__ 
ASV32	311	0	0	0	0	0	0	k__Bacteria; p__Tenericutes; c__Mollicutes; o__Izimaplasmatales; f__ ; g__ ; s__ 
ASV33	18	0	0	0	0	0	0	k__Bacteria; p__Firmicutes; c__Clostridia; o__Clostridiales; f__ ; g__ ; s__ 
ASV34	0	0	4	0	0	0	0	k__Bacteria; p__Firmicutes; c__Clostridia; o__Clostridiales; f__Clostridiales_vadinBB60_group; g__ ; s__ 
ASV35	148	0	0	0	0	0	0	k__Bacteria; p__Proteobacteria; c__Alphaproteobacteria; o__Rhodospirillales; f__ ; g__ ; s__ 
ASV36	0	0	0	0	6	0	0	k__Bacteria; p__Bacteroidetes; c__Bacteroidia; o__Bacteroidales; f__Prevotellaceae; g__Paraprevotella; s__ 
ASV37	0	0	59	0	0	0	0	k__Bacteria; p__Bacteroidetes; c__Bacteroidia; o__Bacteroidales; f__Prevotellaceae; g__Paraprevotella; s__ 
ASV38	0	16	0	0	0	0	0	k__Bacteria; p__Bacteroidetes; c__Bacteroidia; o__Bacteroidales; f__Prevotellaceae; g__Paraprevotella; s__ 
ASV39	0	113	0	0	492	0	0	k__Bacteria; p__Bacteroidetes; c__Bacteroidia; o__Bacteroidales; f__Prevotellaceae; g__Paraprevotella; s__ 
ASV40	0	0	0	0	210	0	0	k__Bacteria; p__Bacteroidetes; c__Bacteroidia; o__Bacteroidales; f__Prevotellaceae; g__Paraprevotella; s__ 
ASV41	0	0	78	0	0	0	0	k__Bacteria; p__Bacteroidetes; c__Bacteroidia; o__Bacteroidales; f__Barnesiellaceae; g__Coprobacter; s__fastidiosus
ASV42	0	474	0	0	0	0	0	k__Bacteria; p__Bacteroidetes; c__Bacteroidia; o__Bacteroidales; f__Prevotellaceae; g__Prevotella_7; s__ 
ASV43	0	0	0	4	0	0	0	k__Bacteria; p__Bacteroidetes; c__Bacteroidia; o__Bacteroidales; f__Prevotellaceae; g__Prevotella; s__ 
ASV44	0	0	8	0	0	0	0	k__Bacteria; p__Verrucomicrobia; c__Verrucomicrobiae; o__Opitutales; f__Puniceicoccaceae; g__ ; s__ 
ASV45	3	0	0	0	0	0	0	k__Bacteria; p__Bacteroidetes; c__Bacteroidia; o__ ; f__ ; g__ ; s__ 
ASV46	83	0	0	0	0	0	0	k__Bacteria; p__Bacteroidetes; c__Bacteroidia; o__Bacteroidales; f__Rikenellaceae; g__Alistipes; s__indistinctus
ASV47	151	0	0	0	0	0	0	k__Bacteria; p__Bacteroidetes; c__Bacteroidia; o__Bacteroidales; f__Rikenellaceae; g__Alistipes; s__inops
ASV48	5	0	0	0	0	0	0	k__Bacteria; p__Bacteroidetes; c__Bacteroidia; o__ ; f__ ; g__ ; s__ 
ASV49	237	17	24	62	76	0	0	k__Bacteria; p__Bacteroidetes; c__Bacteroidia; o__Bacteroidales; f__Rikenellaceae; g__Alistipes; s__obesi
ASV50	177	29	0	0	116	0	0	k__Bacteria; p__Bacteroidetes; c__Bacteroidia; o__Bacteroidales; f__Rikenellaceae; g__Alistipes; s__finegoldii
ASV51	434	205	167	197	84	0	1479	k__Bacteria; p__Bacteroidetes; c__Bacteroidia; o__Bacteroidales; f__Rikenellaceae; g__Alistipes; s__shahii
ASV52	0	0	0	0	4	0	0	k__Bacteria; p__Bacteroidetes; c__Bacteroidia; o__Bacteroidales; f__ ; g__ ; s__ 
ASV53	0	2	0	0	0	0	0	k__Bacteria; p__Firmicutes; c__Clostridia; o__Clostridiales; f__Lachnospiraceae; g__ ; s__ 
ASV54	0	0	0	2	0	0	0	k__Bacteria; p__Firmicutes; c__Clostridia; o__Clostridiales; f__Lachnospiraceae; g__ ; s__ 
ASV55	0	0	0	0	0	0	6	k__Bacteria; p__Firmicutes; c__Clostridia; o__Clostridiales; f__Lachnospiraceae; g__ ; s__ 
ASV56	0	0	3	0	0	0	0	k__Bacteria; p__Firmicutes; c__Clostridia; o__Clostridiales; f__Ruminococcaceae; g__ ; s__ 
ASV57	7221	10213	747	627	1416	0	17	k__Bacteria; p__Bacteroidetes; c__Bacteroidia; o__Bacteroidales; f__Bacteroidaceae; g__Bacteroides; s__vulgatus
ASV58	522	143	1061	1161	1164	0	0	k__Bacteria; p__Bacteroidetes; c__Bacteroidia; o__Bacteroidales; f__Bacteroidaceae; g__Bacteroides; s__ 
ASV59	0	0	0	0	2	0	0	k__Bacteria; p__Bacteroidetes; c__Bacteroidia; o__Bacteroidales; f__ ; g__ ; s__ 
ASV60	370	0	0	974	0	0	0	k__Bacteria; p__Bacteroidetes; c__Bacteroidia; o__Bacteroidales; f__Bacteroidaceae; g__Bacteroides; s__massiliensis
ASV61	36	0	0	13	0	0	0	k__Bacteria; p__Bacteroidetes; c__Bacteroidia; o__Bacteroidales; f__Bacteroidaceae; g__Bacteroides; s__ 
ASV62	579	167	0	163	0	0	0	k__Bacteria; p__Bacteroidetes; c__Bacteroidia; o__Bacteroidales; f__Bacteroidaceae; g__Bacteroides; s__uniformis
ASV63	296	146	931	834	973	0	0	k__Bacteria; p__Bacteroidetes; c__Bacteroidia; o__Bacteroidales; f__Bacteroidaceae; g__Bacteroides; s__uniformis
ASV64	0	0	2	0	0	0	0	k__Bacteria; p__Bacteroidetes; c__Bacteroidia; o__Bacteroidales; f__ ; g__ ; s__ 
ASV65	0	0	0	0	2	0	0	k__Bacteria; p__Bacteroidetes; c__Bacteroidia; o__Bacteroidales; f__ ; g__ ; s__ 
ASV66	0	12	246	0	307	0	0	k__Bacteria; p__Bacteroidetes; c__Bacteroidia; o__Bacteroidales; f__Bacteroidaceae; g__Bacteroides; s__ 
ASV67	203	677	260	0	577	0	0	k__Bacteria; p__Bacteroidetes; c__Bacteroidia; o__Bacteroidales; f__Bacteroidaceae; g__Bacteroides; s__caccae
ASV68	0	0	0	40	0	0	0	k__Bacteria; p__Bacteroidetes; c__Bacteroidia; o__Bacteroidales; f__Bacteroidaceae; g__Bacteroides; s__eggerthii
ASV69	0	5876	0	1125	5245	0	0	k__Bacteria; p__Bacteroidetes; c__Bacteroidia; o__Bacteroidales; f__Bacteroidaceae; g__Bacteroides; s__ 
ASV70	0	9	0	0	0	0	0	k__Bacteria; p__Bacteroidetes; c__Bacteroidia; o__Bacteroidales; f__Bacteroidaceae; g__Bacteroides; s__ 
ASV71	339	872	155	136	547	0	7954	k__Bacteria; p__Bacteroidetes; c__Bacteroidia; o__Bacteroidales; f__Bacteroidaceae; g__Bacteroides; s__ 
ASV72	0	0	0	239	0	0	0	k__Bacteria; p__Bacteroidetes; c__Bacteroidia; o__Bacteroidales; f__Bacteroidaceae; g__Bacteroides; s__salyersiae
ASV73	0	56	0	0	0	0	0	k__Bacteria; p__Bacteroidetes; c__Bacteroidia; o__Bacteroidales; f__Bacteroidaceae; g__Bacteroides; s__ 
ASV74	0	0	0	0	105	0	0	k__Bacteria; p__Bacteroidetes; c__Bacteroidia; o__Bacteroidales; f__Bacteroidaceae; g__Bacteroides; s__nordii
ASV75	102	5649	0	0	231	0	855	k__Bacteria; p__Bacteroidetes; c__Bacteroidia; o__Bacteroidales; f__Bacteroidaceae; g__Bacteroides; s__ 
ASV76	369	811	57	0	0	0	2358	k__Bacteria; p__Bacteroidetes; c__Bacteroidia; o__Bacteroidales; f__Bacteroidaceae; g__Bacteroides; s__ 
ASV77	295	0	42	216	37	0	832	k__Bacteria; p__Bacteroidetes; c__Bacteroidia; o__Bacteroidales; f__Bacteroidaceae; g__Bacteroides; s__ 
ASV78	0	0	0	138	0	0	0	k__Bacteria; p__Bacteroidetes; c__Bacteroidia; o__Bacteroidales; f__Bacteroidaceae; g__Bacteroides; s__ovatus
ASV79	0	0	0	152	0	0	4419	k__Bacteria; p__Bacteroidetes; c__Bacteroidia; o__Bacteroidales; f__Bacteroidaceae; g__Bacteroides; s__finegoldii
ASV80	0	0	0	0	23	0	0	k__Bacteria; p__Bacteroidetes; c__Bacteroidia; o__Bacteroidales; f__Tannerellaceae; g__Parabacteroides; s__ 
ASV81	0	4	0	0	0	0	0	k__Bacteria; p__Bacteroidetes; c__Bacteroidia; o__Bacteroidales; f__Marinifilaceae; g__Odoribacter; s__ 
ASV82	0	16	6	6	0	0	0	k__Bacteria; p__Bacteroidetes; c__Bacteroidia; o__Bacteroidales; f__Rikenellaceae; g__Alistipes; s__ 
ASV83	120	0	0	0	25	0	0	k__Bacteria; p__Bacteroidetes; c__Bacteroidia; o__Bacteroidales; f__Rikenellaceae; g__Alistipes; s__marseilloanorexicus
ASV84	12	0	0	0	0	0	0	k__Bacteria; p__Bacteroidetes; c__Bacteroidia; o__Bacteroidales; f__Tannerellaceae; g__Parabacteroides; s__ 
ASV85	0	18	0	0	0	0	0	k__Bacteria; p__Bacteroidetes; c__Bacteroidia; o__Bacteroidales; f__Tannerellaceae; g__Parabacteroides; s__faecis
ASV86	103	0	0	0	0	0	0	k__Bacteria; p__Bacteroidetes; c__Bacteroidia; o__ ; f__ ; g__ ; s__ 
ASV87	2527	0	0	0	0	0	0	k__Bacteria; p__Bacteroidetes; c__Bacteroidia; o__Bacteroidales; f__Barnesiellaceae; g__Barnesiella; s__ 
ASV88	0	0	0	0	625	0	0	k__Bacteria; p__Bacteroidetes; c__Bacteroidia; o__Bacteroidales; f__Barnesiellaceae; g__Barnesiella; s__ 
ASV89	3	0	0	0	0	0	0	k__Bacteria; p__Bacteroidetes; c__Bacteroidia; o__ ; f__ ; g__ ; s__ 
ASV90	0	0	1795	0	0	0	0	k__Bacteria; p__Bacteroidetes; c__Bacteroidia; o__Bacteroidales; f__Bacteroidaceae; g__Bacteroides; s__coprocola
ASV91	0	0	80	0	0	0	0	k__Bacteria; p__Bacteroidetes; c__Bacteroidia; o__Bacteroidales; f__Bacteroidaceae; g__Bacteroides; s__ 
ASV92	0	0	11	0	0	0	0	k__Bacteria; p__ ; c__ ; o__ ; f__ ; g__ ; s__ 
ASV93	0	0	532	5455	0	0	0	k__Bacteria; p__Bacteroidetes; c__Bacteroidia; o__Bacteroidales; f__Bacteroidaceae; g__Bacteroides; s__plebeius
ASV94	0	0	3025	890	0	0	0	k__Bacteria; p__Bacteroidetes; c__Bacteroidia; o__Bacteroidales; f__Bacteroidaceae; g__Bacteroides; s__ 
ASV95	456	53	61	67	107	0	0	k__Bacteria; p__Bacteroidetes; c__Bacteroidia; o__Bacteroidales; f__Marinifilaceae; g__Odoribacter; s__splanchnicus
ASV96	0	0	57	0	0	0	0	k__Bacteria; p__Bacteroidetes; c__Bacteroidia; o__Bacteroidales; f__Tannerellaceae; g__Parabacteroides; s__johnsonii
ASV97	245	128	103	721	1533	0	0	k__Bacteria; p__Bacteroidetes; c__Bacteroidia; o__Bacteroidales; f__Tannerellaceae; g__Parabacteroides; s__merdae
ASV98	0	0	0	11	0	0	0	k__Bacteria; p__Bacteroidetes; c__Bacteroidia; o__Bacteroidales; f__Tannerellaceae; g__Parabacteroides; s__ 
ASV99	190	0	0	0	183	0	0	k__Bacteria; p__Bacteroidetes; c__Bacteroidia; o__Bacteroidales; f__Rikenellaceae; g__Alistipes; s__massiliensis
ASV100	477	0	183	54	79	0	0	k__Bacteria; p__Bacteroidetes; c__Bacteroidia; o__Bacteroidales; f__Rikenellaceae; g__Alistipes; s__ 
ASV101	478	275	200	633	656	0	0	k__Bacteria; p__Bacteroidetes; c__Bacteroidia; o__Bacteroidales; f__Rikenellaceae; g__Alistipes; s__putredinis
ASV102	0	0	0	0	4	0	0	k__Bacteria; p__Bacteroidetes; c__Bacteroidia; o__Bacteroidales; f__Rikenellaceae; g__Alistipes; s__ 
ASV103	0	2	0	0	0	0	0	k__Bacteria; p__Bacteroidetes; c__Bacteroidia; o__Bacteroidales; f__Rikenellaceae; g__Alistipes; s__ 
ASV104	0	59	0	0	0	0	0	k__Bacteria; p__Proteobacteria; c__Deltaproteobacteria; o__Desulfovibrionales; f__Desulfovibrionaceae; g__Bilophila; s__ 
ASV105	54	0	27	92	145	0	0	k__Bacteria; p__Proteobacteria; c__Deltaproteobacteria; o__Desulfovibrionales; f__Desulfovibrionaceae; g__Bilophila; s__wadsworthia
ASV106	59	0	0	0	0	0	0	k__Bacteria; p__Proteobacteria; c__Deltaproteobacteria; o__Desulfovibrionales; f__Desulfovibrionaceae; g__Desulfovibrio; s__ 
ASV107	0	0	9	0	0	0	0	k__Bacteria; p__Proteobacteria; c__Deltaproteobacteria; o__Desulfovibrionales; f__Desulfovibrionaceae; g__Desulfovibrio; s__ 
ASV108	0	5	2451	0	0	0	0	k__Bacteria; p__Proteobacteria; c__Gammaproteobacteria; o__Enterobacteriales; f__Enterobacteriaceae; g__Citrobacter; s__ 
ASV109	59	0	12535	62	0	0	0	k__Bacteria; p__Proteobacteria; c__Gammaproteobacteria; o__Enterobacteriales; f__Enterobacteriaceae; g__Klebsiella; s__ 
ASV110	0	0	0	0	3	0	0	k__Bacteria; p__Proteobacteria; c__Gammaproteobacteria; o__Enterobacteriales; f__Enterobacteriaceae; g__Yersinia; s__ 
ASV111	10	1131	0	0	79	0	0	k__Bacteria; p__Proteobacteria; c__Gammaproteobacteria; o__Enterobacteriales; f__Enterobacteriaceae; g__Escherichia/Shigella; s__ 
ASV112	0	10	0	0	55	0	0	k__Bacteria; p__Proteobacteria; c__Deltaproteobacteria; o__Desulfovibrionales; f__Desulfovibrionaceae; g__Desulfovibrio; s__fairfieldensis
ASV113	0	5	0	0	0	0	0	k__Bacteria; p__Epsilonbacteraeota; c__Campylobacteria; o__Campylobacterales; f__Campylobacteraceae; g__Campylobacter; s__ 
ASV114	0	0	6	0	0	0	0	k__Bacteria; p__Firmicutes; c__Clostridia; o__Clostridiales; f__Lachnospiraceae; g__ ; s__ 
ASV115	0	0	3	0	0	0	0	k__Bacteria; p__Bacteroidetes; c__Bacteroidia; o__Bacteroidales; f__ ; g__ ; s__ 
ASV116	0	0	0	0	469	0	0	k__Bacteria; p__Cyanobacteria; c__Melainabacteria; o__Gastranaerophilales; f__ ; g__ ; s__ 
ASV117	0	15	0	0	0	0	0	k__Bacteria; p__Proteobacteria; c__Gammaproteobacteria; o__Pasteurellales; f__Pasteurellaceae; g__Mannheimia; s__ 
ASV118	4	86	9	0	12	0	12	k__Bacteria; p__Proteobacteria; c__Gammaproteobacteria; o__Pasteurellales; f__Pasteurellaceae; g__Haemophilus; s__ 
ASV119	34	0	0	0	0	0	0	k__Bacteria; p__Proteobacteria; c__Deltaproteobacteria; o__Desulfovibrionales; f__Desulfovibrionaceae; g__ ; s__ 
ASV120	0	0	0	11	0	0	0	k__Bacteria; p__Bacteroidetes; c__Bacteroidia; o__Bacteroidales; f__Marinifilaceae; g__Butyricimonas; s__ 
ASV121	25	34	0	0	0	0	0	k__Bacteria; p__Bacteroidetes; c__Bacteroidia; o__Bacteroidales; f__Marinifilaceae; g__Butyricimonas; s__paravirosa
ASV122	0	0	2	0	0	0	0	k__Bacteria; p__Bacteroidetes; c__Bacteroidia; o__Bacteroidales; f__Marinifilaceae; g__Butyricimonas; s__ 
ASV123	34	0	0	0	40	0	0	k__Bacteria; p__Bacteroidetes; c__Bacteroidia; o__Bacteroidales; f__Marinifilaceae; g__Butyricimonas; s__faecihominis
ASV124	0	0	0	0	14	0	0	k__Bacteria; p__Bacteroidetes; c__Bacteroidia; o__Bacteroidales; f__Marinifilaceae; g__Butyricimonas; s__virosa
ASV125	0	0	0	39	0	0	0	k__Bacteria; p__Bacteroidetes; c__Bacteroidia; o__Bacteroidales; f__Marinifilaceae; g__Butyricimonas; s__ 
ASV126	0	8	0	0	0	0	38	k__Bacteria; p__Firmicutes; c__Clostridia; o__Clostridiales; f__Clostridiales_vadinBB60_group; g__ ; s__ 
ASV127	32	9	0	0	0	0	0	k__Bacteria; p__Firmicutes; c__Clostridia; o__Clostridiales; f__Clostridiales_vadinBB60_group; g__ ; s__ 
ASV128	0	0	0	0	17	0	0	k__Bacteria; p__Firmicutes; c__Clostridia; o__Clostridiales; f__Clostridiales_vadinBB60_group; g__ ; s__ 
ASV129	10	23	0	4	0	0	0	k__Bacteria; p__Firmicutes; c__Clostridia; o__Clostridiales; f__Clostridiales_vadinBB60_group; g__ ; s__ 
ASV130	0	0	0	1284	0	0	0	k__Bacteria; p__Firmicutes; c__Clostridia; o__Clostridiales; f__Ruminococcaceae; g__ ; s__ 
ASV131	0	0	4	0	0	0	0	k__Bacteria; p__Firmicutes; c__Clostridia; o__Clostridiales; f__Clostridiales_vadinBB60_group; g__ ; s__ 
ASV132	0	0	0	0	16	0	40	k__Bacteria; p__Firmicutes; c__Clostridia; o__Clostridiales; f__Ruminococcaceae; g__Butyricicoccus; s__ 
ASV133	0	0	15	0	27	0	0	k__Bacteria; p__Firmicutes; c__Clostridia; o__Clostridiales; f__Ruminococcaceae; g__Ruminiclostridium_9; s__ 
ASV134	0	42	0	0	0	0	0	k__Bacteria; p__Firmicutes; c__Clostridia; o__Clostridiales; f__Ruminococcaceae; g__Butyricicoccus; s__ 
ASV135	0	20	0	0	0	0	0	k__Bacteria; p__Firmicutes; c__Clostridia; o__Clostridiales; f__Ruminococcaceae; g__Butyricicoccus; s__pullicaecorum
ASV136	151	0	0	0	0	0	0	k__Bacteria; p__Firmicutes; c__Clostridia; o__Clostridiales; f__Ruminococcaceae; g__Ruminococcaceae_UCG-014; s__ 
ASV137	0	0	47	0	0	0	0	k__Bacteria; p__Firmicutes; c__Clostridia; o__Clostridiales; f__Ruminococcaceae; g__Ruminococcaceae_UCG-014; s__ 
ASV138	336	0	0	0	0	0	0	k__Bacteria; p__Firmicutes; c__Clostridia; o__Clostridiales; f__Ruminococcaceae; g__Ruminococcaceae_UCG-014; s__ 
ASV139	332	0	0	0	0	0	0	k__Bacteria; p__Firmicutes; c__Clostridia; o__Clostridiales; f__Ruminococcaceae; g__Ruminococcaceae_UCG-014; s__ 
ASV140	0	0	29	0	0	0	0	k__Bacteria; p__Firmicutes; c__Clostridia; o__Clostridiales; f__Ruminococcaceae; g__Ruminococcaceae_UCG-014; s__ 
ASV141	30	0	0	0	0	0	0	k__Bacteria; p__Firmicutes; c__Clostridia; o__Clostridiales; f__Ruminococcaceae; g__Ruminococcaceae_UCG-014; s__ 
ASV142	0	0	140	0	92	0	0	k__Bacteria; p__Firmicutes; c__Clostridia; o__Clostridiales; f__Ruminococcaceae; g__Ruminococcaceae_UCG-014; s__ 
ASV143	0	0	53	0	0	0	0	k__Bacteria; p__Firmicutes; c__Clostridia; o__Clostridiales; f__Ruminococcaceae; g__Ruminococcaceae_UCG-014; s__ 
ASV144	0	0	44	0	0	0	0	k__Bacteria; p__Firmicutes; c__Clostridia; o__Clostridiales; f__Ruminococcaceae; g__Ruminococcaceae_UCG-014; s__ 
ASV145	3	0	0	0	0	0	0	k__Bacteria; p__Firmicutes; c__Clostridia; o__Clostridiales; f__Peptococcaceae; g__ ; s__ 
ASV146	7	0	0	0	0	0	0	k__Bacteria; p__Firmicutes; c__Clostridia; o__Clostridiales; f__Christensenellaceae; g__ ; s__ 
ASV147	0	0	0	0	0	0	2	k__Bacteria; p__Firmicutes; c__Clostridia; o__Clostridiales; f__ ; g__ ; s__ 
ASV148	3	0	0	0	0	0	0	k__Bacteria; p__Firmicutes; c__Clostridia; o__Clostridiales; f__Christensenellaceae; g__ ; s__ 
ASV149	24	0	0	0	0	0	0	k__Bacteria; p__Firmicutes; c__Clostridia; o__Clostridiales; f__Christensenellaceae; g__ ; s__ 
ASV150	9	0	0	0	0	0	0	k__Bacteria; p__Firmicutes; c__Clostridia; o__Clostridiales; f__ ; g__ ; s__ 
ASV151	0	0	0	0	4	0	0	k__Bacteria; p__Firmicutes; c__Clostridia; o__Clostridiales; f__Christensenellaceae; g__ ; s__ 
ASV152	0	0	0	0	0	0	7	k__Bacteria; p__Firmicutes; c__Clostridia; o__Clostridiales; f__Ruminococcaceae; g__Anaerotruncus; s__colihominis
ASV153	0	0	15	0	0	0	0	k__Bacteria; p__Firmicutes; c__Clostridia; o__Clostridiales; f__Ruminococcaceae; g__Caproiciproducens; s__ 
ASV154	6	0	0	0	0	0	0	k__Bacteria; p__Bacteroidetes; c__Bacteroidia; o__Bacteroidales; f__Bacteroidaceae; g__Bacteroides; s__ 
ASV155	0	9	0	0	0	0	0	k__Bacteria; p__Firmicutes; c__Clostridia; o__Clostridiales; f__Ruminococcaceae; g__Ruminococcaceae_UCG-005; s__ 
ASV156	0	0	0	9	0	0	0	k__Bacteria; p__Firmicutes; c__Clostridia; o__Clostridiales; f__Ruminococcaceae; g__ ; s__ 
ASV157	0	0	7	0	0	0	0	k__Bacteria; p__Firmicutes; c__Clostridia; o__Clostridiales; f__Ruminococcaceae; g__Ruminiclostridium_5; s__ 
ASV158	12	0	0	0	0	0	0	k__Bacteria; p__Firmicutes; c__Clostridia; o__Clostridiales; f__Ruminococcaceae; g__Ruminiclostridium_5; s__ 
ASV159	105	0	0	103	23	0	25	k__Bacteria; p__Firmicutes; c__Clostridia; o__Clostridiales; f__Ruminococcaceae; g__Ruminiclostridium_5; s__ 
ASV160	16	0	0	0	0	0	0	k__Bacteria; p__Firmicutes; c__Clostridia; o__Clostridiales; f__Ruminococcaceae; g__ ; s__ 
ASV161	76	0	0	0	0	0	13	k__Bacteria; p__Firmicutes; c__Clostridia; o__Clostridiales; f__Ruminococcaceae; g__Ruminiclostridium_5; s__ 
ASV162	923	0	94	0	75	0	0	k__Bacteria; p__Firmicutes; c__Clostridia; o__Clostridiales; f__Ruminococcaceae; g__Ruminococcus_2; s__bromii
ASV163	0	484	0	0	0	0	0	k__Bacteria; p__Firmicutes; c__Clostridia; o__Clostridiales; f__Ruminococcaceae; g__Ruminococcus_2; s__ 
ASV164	11	0	0	0	0	0	0	k__Bacteria; p__Firmicutes; c__Clostridia; o__Clostridiales; f__Ruminococcaceae; g__ ; s__ 
ASV165	10	0	0	0	0	0	0	k__Bacteria; p__Firmicutes; c__Clostridia; o__Clostridiales; f__Ruminococcaceae; g__Ruminiclostridium_5; s__ 
ASV166	0	0	521	0	0	0	0	k__Bacteria; p__Firmicutes; c__Clostridia; o__Clostridiales; f__Ruminococcaceae; g__Ruminococcaceae_UCG-014; s__ 
ASV167	0	0	36	0	114	0	0	k__Bacteria; p__Firmicutes; c__Clostridia; o__Clostridiales; f__Ruminococcaceae; g__Ruminococcaceae_UCG-014; s__ 
ASV168	12	0	0	0	0	0	0	k__Bacteria; p__Actinobacteria; c__Coriobacteriia; o__Coriobacteriales; f__Eggerthellaceae; g__Eggerthella; s__lenta
ASV169	32	0	0	0	0	0	0	k__Bacteria; p__Tenericutes; c__Mollicutes; o__Mollicutes_RF39; f__ ; g__ ; s__ 
ASV170	0	0	3	0	0	0	0	k__Bacteria; p__Actinobacteria; c__Coriobacteriia; o__Coriobacteriales; f__ ; g__ ; s__ 
ASV171	5	0	0	0	0	0	0	k__Bacteria; p__Actinobacteria; c__Coriobacteriia; o__Coriobacteriales; f__ ; g__ ; s__ 
ASV172	21	0	0	0	0	0	0	k__Bacteria; p__Tenericutes; c__Mollicutes; o__Mollicutes_RF39; f__ ; g__ ; s__ 
ASV173	410	0	0	0	0	0	0	k__Bacteria; p__Firmicutes; c__Clostridia; o__Clostridiales; f__Ruminococcaceae; g__Ruminococcaceae_UCG-014; s__ 
ASV174	0	0	22	0	0	0	0	k__Bacteria; p__Tenericutes; c__Mollicutes; o__Mollicutes_RF39; f__ ; g__ ; s__ 
ASV175	0	0	63	0	0	0	0	k__Bacteria; p__Firmicutes; c__Clostridia; o__Clostridiales; f__Ruminococcaceae; g__Ruminococcus_1; s__ 
ASV176	6	0	0	0	0	0	0	k__Bacteria; p__Firmicutes; c__Clostridia; o__Clostridiales; f__Peptococcaceae; g__ ; s__ 
ASV177	10	0	0	0	0	0	0	k__Bacteria; p__Firmicutes; c__Clostridia; o__Clostridiales; f__Peptococcaceae; g__ ; s__ 
ASV178	28	2	0	0	0	0	0	k__Bacteria; p__Firmicutes; c__Clostridia; o__Clostridiales; f__Christensenellaceae; g__ ; s__ 
ASV179	5	0	0	0	0	0	0	k__Bacteria; p__Firmicutes; c__Clostridia; o__Clostridiales; f__Christensenellaceae; g__ ; s__ 
ASV180	50	0	0	9	0	0	0	k__Bacteria; p__Firmicutes; c__Clostridia; o__ ; f__ ; g__ ; s__ 
ASV181	27	0	0	0	0	0	0	k__Bacteria; p__Firmicutes; c__Clostridia; o__Clostridiales; f__Christensenellaceae; g__ ; s__ 
ASV182	0	0	0	0	13	0	0	k__Bacteria; p__Firmicutes; c__Clostridia; o__Clostridiales; f__Ruminococcaceae; g__ ; s__ 
ASV183	0	3	0	0	0	0	0	k__Bacteria; p__Firmicutes; c__Clostridia; o__Clostridiales; f__Ruminococcaceae; g__ ; s__ 
ASV184	0	0	0	17	0	0	16	k__Bacteria; p__Firmicutes; c__Clostridia; o__Clostridiales; f__Ruminococcaceae; g__ ; s__ 
ASV185	15	12	12	0	0	0	0	k__Bacteria; p__Firmicutes; c__Clostridia; o__Clostridiales; f__Ruminococcaceae; g__Angelakisella; s__ 
ASV186	0	0	0	10	28	0	0	k__Bacteria; p__Firmicutes; c__Clostridia; o__Clostridiales; f__Ruminococcaceae; g__Angelakisella; s__ 
ASV187	5	0	0	0	0	0	0	k__Bacteria; p__Firmicutes; c__Clostridia; o__Clostridiales; f__Ruminococcaceae; g__ ; s__ 
ASV188	0	45	0	0	0	0	0	k__Bacteria; p__Firmicutes; c__Clostridia; o__Clostridiales; f__Ruminococcaceae; g__Ruminococcus_1; s__ 
ASV189	0	0	32	0	0	0	0	k__Bacteria; p__Firmicutes; c__Clostridia; o__Clostridiales; f__Ruminococcaceae; g__Ruminococcus_1; s__ 
ASV190	44	3	0	0	0	0	0	k__Bacteria; p__Firmicutes; c__Clostridia; o__Clostridiales; f__Ruminococcaceae; g__Hydrogenoanaerobacterium; s__ 
ASV191	0	0	0	0	5	0	0	k__Bacteria; p__ ; c__ ; o__ ; f__ ; g__ ; s__ 
ASV192	74	15	0	43	1299	0	0	k__Bacteria; p__Firmicutes; c__Clostridia; o__Clostridiales; f__Ruminococcaceae; g__Ruminococcus_1; s__bicirculans
ASV193	0	0	495	0	0	0	0	k__Bacteria; p__Firmicutes; c__Clostridia; o__Clostridiales; f__Ruminococcaceae; g__Ruminococcus_1; s__ 
ASV194	9	0	3	0	0	0	0	k__Bacteria; p__Firmicutes; c__Clostridia; o__Clostridiales; f__Ruminococcaceae; g__Anaerotruncus; s__ 
ASV195	0	2	0	0	0	0	0	k__Bacteria; p__Firmicutes; c__Clostridia; o__Clostridiales; f__Ruminococcaceae; g__ ; s__ 
ASV196	4	0	16	0	52	0	0	k__Bacteria; p__Firmicutes; c__Clostridia; o__Clostridiales; f__Ruminococcaceae; g__Ruminococcus_1; s__callidus
ASV197	0	0	0	2	0	0	0	k__Bacteria; p__Firmicutes; c__Clostridia; o__Clostridiales; f__Ruminococcaceae; g__Phocea; s__ 
ASV198	0	0	0	0	0	0	34	k__Bacteria; p__Firmicutes; c__Clostridia; o__Clostridiales; f__Ruminococcaceae; g__ ; s__ 
ASV199	14	4	0	0	0	0	0	k__Bacteria; p__Firmicutes; c__Clostridia; o__Clostridiales; f__Ruminococcaceae; g__Caproiciproducens; s__ 
ASV200	0	0	0	0	3	0	0	k__Bacteria; p__Firmicutes; c__Clostridia; o__Clostridiales; f__Ruminococcaceae; g__Oscillibacter; s__ 
ASV201	0	0	0	0	0	0	35	k__Bacteria; p__Firmicutes; c__Clostridia; o__Clostridiales; f__Ruminococcaceae; g__Ruminococcaceae_UCG-005; s__ 
ASV202	0	0	11	0	0	0	4	k__Bacteria; p__Firmicutes; c__Clostridia; o__Clostridiales; f__Ruminococcaceae; g__ ; s__ 
ASV203	43	0	0	0	0	0	0	k__Bacteria; p__Firmicutes; c__Clostridia; o__Clostridiales; f__Ruminococcaceae; g__DTU089; s__ 
ASV204	2	0	0	0	0	0	0	k__Bacteria; p__Firmicutes; c__Clostridia; o__Clostridiales; f__Ruminococcaceae; g__DTU089; s__ 
ASV205	0	50	0	0	0	0	0	k__Bacteria; p__Firmicutes; c__Clostridia; o__Clostridiales; f__Ruminococcaceae; g__Ruminiclostridium_5; s__ 
ASV206	0	0	78	0	0	0	0	k__Bacteria; p__Firmicutes; c__Clostridia; o__Clostridiales; f__Ruminococcaceae; g__CAG-352; s__ 
ASV207	62	0	0	8	5	0	0	k__Bacteria; p__Firmicutes; c__Clostridia; o__Clostridiales; f__Ruminococcaceae; g__Ruminiclostridium_5; s__ 
ASV208	0	2	0	0	0	0	0	k__Bacteria; p__Firmicutes; c__Clostridia; o__Clostridiales; f__Ruminococcaceae; g__ ; s__ 
ASV209	41	0	0	0	0	0	0	k__Bacteria; p__Firmicutes; c__Clostridia; o__Clostridiales; f__Ruminococcaceae; g__Ruminiclostridium_5; s__ 
ASV210	0	34	21	12	0	0	0	k__Bacteria; p__Firmicutes; c__Clostridia; o__Clostridiales; f__Ruminococcaceae; g__ ; s__ 
ASV211	44	0	0	0	0	0	0	k__Bacteria; p__Firmicutes; c__Clostridia; o__Clostridiales; f__Ruminococcaceae; g__ ; s__ 
ASV212	205	0	0	0	0	0	0	k__Bacteria; p__Firmicutes; c__Clostridia; o__Clostridiales; f__Ruminococcaceae; g__ ; s__ 
ASV213	11	0	0	0	0	0	0	k__Bacteria; p__Firmicutes; c__Clostridia; o__Clostridiales; f__Ruminococcaceae; g__ ; s__ 
ASV214	0	0	0	12	0	0	0	k__Bacteria; p__Actinobacteria; c__Actinobacteria; o__Bifidobacteriales; f__Bifidobacteriaceae; g__Bifidobacterium; s__bifidum
ASV215	5	0	0	0	0	0	0	k__Bacteria; p__Actinobacteria; c__Actinobacteria; o__Micrococcales; f__Micrococcaceae; g__Rothia; s__ 
ASV216	0	0	3	0	0	0	0	k__Bacteria; p__Actinobacteria; c__Actinobacteria; o__Micrococcales; f__Micrococcaceae; g__Rothia; s__dentocariosa
ASV217	0	3	0	0	0	0	0	k__Bacteria; p__Actinobacteria; c__Actinobacteria; o__Actinomycetales; f__Actinomycetaceae; g__Actinomyces; s__odontolyticus
ASV218	0	0	3	0	0	0	0	k__Bacteria; p__Firmicutes; c__Clostridia; o__Clostridiales; f__Lachnospiraceae; g__Lachnospiraceae_UCG-010; s__ 
ASV219	0	0	23	0	39	0	0	k__Bacteria; p__Firmicutes; c__Clostridia; o__Clostridiales; f__Lachnospiraceae; g__Lachnospiraceae_UCG-010; s__ 
ASV220	0	0	0	4	0	0	0	k__Bacteria; p__Firmicutes; c__Clostridia; o__Clostridiales; f__Lachnospiraceae; g__ ; s__ 
ASV221	0	14	0	0	0	0	0	k__Bacteria; p__Firmicutes; c__Clostridia; o__Clostridiales; f__Lachnospiraceae; g__Tyzzerella; s__ 
ASV222	0	65	0	0	0	0	0	k__Bacteria; p__Firmicutes; c__Clostridia; o__Clostridiales; f__Lachnospiraceae; g__Tyzzerella; s__ 
ASV223	0	0	0	0	9	0	13	k__Bacteria; p__Firmicutes; c__Clostridia; o__Clostridiales; f__Lachnospiraceae; g__Lachnospiraceae_UCG-010; s__ 
ASV224	0	0	0	8	0	0	0	k__Bacteria; p__Firmicutes; c__Clostridia; o__Clostridiales; f__Lachnospiraceae; g__Lachnospiraceae_UCG-010; s__ 
ASV225	0	0	0	0	8	0	0	k__Bacteria; p__Firmicutes; c__Clostridia; o__Clostridiales; f__Lachnospiraceae; g__Lachnospiraceae_UCG-010; s__ 
ASV226	9	0	0	0	0	0	2	k__Bacteria; p__Firmicutes; c__Clostridia; o__Clostridiales; f__ ; g__ ; s__ 
ASV227	0	4	0	0	0	0	0	k__Bacteria; p__Firmicutes; c__Clostridia; o__Clostridiales; f__Lachnospiraceae; g__Epulopiscium; s__ 
ASV228	0	0	0	0	0	0	65	k__Bacteria; p__Firmicutes; c__Clostridia; o__Clostridiales; f__Lachnospiraceae; g__Anaerostipes; s__ 
ASV229	112	10	0	69	10	0	166	k__Bacteria; p__Firmicutes; c__Clostridia; o__Clostridiales; f__Lachnospiraceae; g__Anaerostipes; s__hadrus
ASV230	0	0	0	4	0	0	0	k__Bacteria; p__Firmicutes; c__Clostridia; o__Clostridiales; f__Lachnospiraceae; g__Anaerostipes; s__ 
ASV231	0	0	0	0	0	0	4	k__Bacteria; p__Firmicutes; c__Clostridia; o__Clostridiales; f__Lachnospiraceae; g__ ; s__ 
ASV232	0	0	20	0	0	0	0	k__Bacteria; p__Firmicutes; c__Clostridia; o__Clostridiales; f__Family_XIII; g__Family_XIII_AD3011_group; s__ 
ASV233	10	8	16	0	0	0	0	k__Bacteria; p__Firmicutes; c__Clostridia; o__Clostridiales; f__Family_XIII; g__Family_XIII_AD3011_group; s__ 
ASV234	0	0	0	0	0	0	38	k__Bacteria; p__Firmicutes; c__Clostridia; o__Clostridiales; f__Family_XIII; g__Family_XIII_AD3011_group; s__ 
ASV235	0	0	8	0	0	0	0	k__Bacteria; p__Firmicutes; c__Clostridia; o__Clostridiales; f__Family_XIII; g__Family_XIII_AD3011_group; s__ 
ASV236	0	11	0	0	40	0	0	k__Bacteria; p__Firmicutes; c__Clostridia; o__Clostridiales; f__Family_XIII; g__Mogibacterium; s__ 
ASV237	136	25	0	102	93	0	95	k__Bacteria; p__Firmicutes; c__Clostridia; o__Clostridiales; f__Lachnospiraceae; g__Lachnoclostridium; s__ 
ASV238	27	0	21	30	35	0	81	k__Bacteria; p__Firmicutes; c__Clostridia; o__Clostridiales; f__Lachnospiraceae; g__Lachnoclostridium; s__ 
ASV239	0	0	0	0	22	0	0	k__Bacteria; p__Firmicutes; c__Clostridia; o__Clostridiales; f__Lachnospiraceae; g__ ; s__ 
ASV240	10	0	0	0	0	0	0	k__Bacteria; p__Firmicutes; c__Clostridia; o__Clostridiales; f__Lachnospiraceae; g__Lachnospiraceae_NK4B4_group; s__ 
ASV241	7	0	0	71	0	0	0	k__Bacteria; p__Firmicutes; c__Clostridia; o__Clostridiales; f__Lachnospiraceae; g__Roseburia; s__ 
ASV242	0	0	130	0	71	0	452	k__Bacteria; p__Firmicutes; c__Clostridia; o__Clostridiales; f__Lachnospiraceae; g__Lachnospiraceae_UCG-001; s__ 
ASV243	0	0	0	0	15	0	0	k__Bacteria; p__Firmicutes; c__Clostridia; o__Clostridiales; f__Lachnospiraceae; g__Roseburia; s__ 
ASV244	9	0	0	0	0	0	0	k__Bacteria; p__Firmicutes; c__Clostridia; o__Clostridiales; f__Lachnospiraceae; g__Lachnospiraceae_FCS020_group; s__ 
ASV245	0	92	0	0	0	0	0	k__Bacteria; p__Firmicutes; c__Clostridia; o__Clostridiales; f__Lachnospiraceae; g__Blautia; s__stercoris
ASV246	0	0	0	0	34	0	178	k__Bacteria; p__Firmicutes; c__Clostridia; o__Clostridiales; f__Lachnospiraceae; g__ ; s__ 
ASV247	3	0	0	0	0	0	0	k__Bacteria; p__Firmicutes; c__Clostridia; o__Clostridiales; f__Lachnospiraceae; g__ ; s__ 
ASV248	190	0	32	12	110	0	39	k__Bacteria; p__Firmicutes; c__Clostridia; o__Clostridiales; f__Lachnospiraceae; g__Blautia; s__obeum
ASV249	0	0	0	0	0	0	11	k__Bacteria; p__Firmicutes; c__Clostridia; o__Clostridiales; f__Lachnospiraceae; g__ ; s__ 
ASV250	0	0	0	0	19	0	0	k__Bacteria; p__Firmicutes; c__Clostridia; o__Clostridiales; f__Lachnospiraceae; g__ ; s__ 
ASV251	0	3	0	0	0	0	0	k__Bacteria; p__Firmicutes; c__Clostridia; o__Clostridiales; f__Lachnospiraceae; g__ ; s__ 
ASV252	70	0	0	30	77	0	133	k__Bacteria; p__Firmicutes; c__Clostridia; o__Clostridiales; f__Lachnospiraceae; g__Blautia; s__ 
ASV253	0	0	0	0	0	0	70	k__Bacteria; p__Firmicutes; c__Clostridia; o__Clostridiales; f__Lachnospiraceae; g__Blautia; s__ 
ASV254	0	0	6	50	0	0	0	k__Bacteria; p__Firmicutes; c__Clostridia; o__Clostridiales; f__Lachnospiraceae; g__Lachnospiraceae_NK4A136_group; s__ 
ASV255	0	8	0	112	0	0	37	k__Bacteria; p__Firmicutes; c__Clostridia; o__Clostridiales; f__Lachnospiraceae; g__Lachnospiraceae_NK4A136_group; s__ 
ASV256	516	30	36	43	72	0	249	k__Bacteria; p__Firmicutes; c__Clostridia; o__Clostridiales; f__Lachnospiraceae; g__Fusicatenibacter; s__saccharivorans
ASV257	17	0	0	0	0	0	0	k__Bacteria; p__Firmicutes; c__Clostridia; o__Clostridiales; f__Lachnospiraceae; g__Marvinbryantia; s__ 
ASV258	0	44	0	0	0	0	0	k__Bacteria; p__Firmicutes; c__Clostridia; o__Clostridiales; f__Lachnospiraceae; g__UC5-1-2E3; s__ 
ASV259	26	0	0	23	0	0	0	k__Bacteria; p__Firmicutes; c__Clostridia; o__Clostridiales; f__Lachnospiraceae; g__ ; s__ 
ASV260	0	76	41	0	96	0	235	k__Bacteria; p__Firmicutes; c__Clostridia; o__Clostridiales; f__Lachnospiraceae; g__ ; s__ 
ASV261	0	0	71	0	35	0	0	k__Bacteria; p__Firmicutes; c__Clostridia; o__Clostridiales; f__Lachnospiraceae; g__Lachnospiraceae_NK4A136_group; s__ 
ASV262	41	24	101	62	28	0	166	k__Bacteria; p__Firmicutes; c__Clostridia; o__Clostridiales; f__Lachnospiraceae; g__Dorea; s__longicatena
ASV263	60	0	0	42	18	0	0	k__Bacteria; p__Firmicutes; c__Clostridia; o__Clostridiales; f__Lachnospiraceae; g__Syntrophococcus; s__ 
ASV264	0	0	0	0	0	0	90	k__Bacteria; p__Firmicutes; c__Clostridia; o__Clostridiales; f__Lachnospiraceae; g__ ; s__ 
ASV265	0	151	0	0	0	0	0	k__Bacteria; p__Firmicutes; c__Clostridia; o__Clostridiales; f__Lachnospiraceae; g__ ; s__ 
ASV266	27	0	0	0	0	0	0	k__Bacteria; p__Firmicutes; c__Clostridia; o__Clostridiales; f__Lachnospiraceae; g__Blautia; s__ 
ASV267	0	0	0	0	29	0	0	k__Bacteria; p__Firmicutes; c__Clostridia; o__Clostridiales; f__Lachnospiraceae; g__ ; s__ 
ASV268	0	0	0	21	0	0	0	k__Bacteria; p__Firmicutes; c__Clostridia; o__Clostridiales; f__Lachnospiraceae; g__Eisenbergiella; s__tayi
ASV269	0	305	0	0	0	0	13	k__Bacteria; p__Firmicutes; c__Clostridia; o__Clostridiales; f__Lachnospiraceae; g__ ; s__ 
ASV270	0	24	0	0	8	0	0	k__Bacteria; p__Firmicutes; c__Clostridia; o__Clostridiales; f__Lachnospiraceae; g__ ; s__ 
ASV271	0	0	0	0	0	0	11	k__Bacteria; p__Firmicutes; c__Clostridia; o__Clostridiales; f__Lachnospiraceae; g__Lachnoclostridium; s__ 
ASV272	39	0	38	0	0	0	0	k__Bacteria; p__Firmicutes; c__Clostridia; o__Clostridiales; f__Lachnospiraceae; g__Lachnospiraceae_AC2044_group; s__ 
ASV273	0	0	0	0	12	0	0	k__Bacteria; p__Firmicutes; c__Clostridia; o__Clostridiales; f__Lachnospiraceae; g__Marvinbryantia; s__ 
ASV274	0	0	0	3	0	0	0	k__Bacteria; p__Firmicutes; c__Clostridia; o__Clostridiales; f__Lachnospiraceae; g__Lachnoclostridium; s__ 
ASV275	12	34	0	0	16	0	11	k__Bacteria; p__Firmicutes; c__Clostridia; o__Clostridiales; f__Lachnospiraceae; g__Lachnoclostridium; s__ 
ASV276	0	0	0	0	12	0	0	k__Bacteria; p__Firmicutes; c__Clostridia; o__Clostridiales; f__Lachnospiraceae; g__Lachnoclostridium; s__ 
ASV277	21	0	0	61	76	0	278	k__Bacteria; p__Firmicutes; c__Clostridia; o__Clostridiales; f__Lachnospiraceae; g__Lachnospiraceae_UCG-004; s__ 
ASV278	0	0	0	0	0	0	9	k__Bacteria; p__Firmicutes; c__Clostridia; o__Clostridiales; f__Lachnospiraceae; g__Lachnospiraceae_NK4A136_group; s__ 
ASV279	15	0	12	0	0	0	187	k__Bacteria; p__Firmicutes; c__Clostridia; o__Clostridiales; f__Lachnospiraceae; g__Lachnoclostridium; s__ 
ASV280	0	0	62	0	10	0	201	k__Bacteria; p__Firmicutes; c__Clostridia; o__Clostridiales; f__Lachnospiraceae; g__CAG-56; s__ 
ASV281	22	0	0	0	0	0	0	k__Bacteria; p__Firmicutes; c__Clostridia; o__Clostridiales; f__Lachnospiraceae; g__CAG-56; s__ 
ASV282	15	0	0	0	0	0	0	k__Bacteria; p__Firmicutes; c__Clostridia; o__Clostridiales; f__Lachnospiraceae; g__ ; s__ 
ASV283	0	475	10	0	0	0	0	k__Bacteria; p__Firmicutes; c__Clostridia; o__Clostridiales; f__Lachnospiraceae; g__Lachnospiraceae_UCG-004; s__ 
ASV284	0	0	0	0	0	0	74	k__Bacteria; p__Firmicutes; c__Clostridia; o__Clostridiales; f__Lachnospiraceae; g__Lachnospiraceae_UCG-004; s__ 
ASV285	0	0	0	0	5	0	0	k__Bacteria; p__Firmicutes; c__Clostridia; o__Clostridiales; f__Lachnospiraceae; g__Lachnospiraceae_UCG-004; s__ 
ASV286	60	74	17	35	54	0	91	k__Bacteria; p__Firmicutes; c__Clostridia; o__Clostridiales; f__Lachnospiraceae; g__Blautia; s__faecis
ASV287	45	0	0	0	0	0	0	k__Bacteria; p__Firmicutes; c__Clostridia; o__Clostridiales; f__Lachnospiraceae; g__Lachnoclostridium; s__ 
ASV288	0	0	0	0	0	0	19	k__Bacteria; p__Firmicutes; c__Clostridia; o__Clostridiales; f__Lachnospiraceae; g__Lachnoclostridium; s__ 
ASV289	0	0	0	0	0	0	78	k__Bacteria; p__Firmicutes; c__Clostridia; o__Clostridiales; f__Lachnospiraceae; g__Lachnospiraceae_UCG-004; s__ 
ASV290	0	0	0	0	0	0	16	k__Bacteria; p__Firmicutes; c__Clostridia; o__Clostridiales; f__Lachnospiraceae; g__ ; s__ 
ASV291	45	22	0	4	0	0	21	k__Bacteria; p__Firmicutes; c__Clostridia; o__Clostridiales; f__Lachnospiraceae; g__Dorea; s__formicigenerans
ASV292	0	0	0	0	0	0	26	k__Bacteria; p__Firmicutes; c__Clostridia; o__Clostridiales; f__Lachnospiraceae; g__Lachnoclostridium; s__ 
ASV293	0	0	0	0	0	0	18	k__Bacteria; p__Firmicutes; c__Clostridia; o__Clostridiales; f__Lachnospiraceae; g__Lachnospiraceae_FCS020_group; s__ 
ASV294	0	0	0	0	0	0	40	k__Bacteria; p__Firmicutes; c__Clostridia; o__Clostridiales; f__Lachnospiraceae; g__Lachnospiraceae_FCS020_group; s__ 
ASV295	19	0	0	0	0	0	0	k__Bacteria; p__Firmicutes; c__Clostridia; o__Clostridiales; f__Lachnospiraceae; g__Marvinbryantia; s__ 
ASV296	0	4	0	0	0	0	0	k__Bacteria; p__Firmicutes; c__Clostridia; o__Clostridiales; f__Lachnospiraceae; g__ ; s__ 
ASV297	0	0	0	0	0	0	32	k__Bacteria; p__Firmicutes; c__Clostridia; o__Clostridiales; f__Lachnospiraceae; g__Lachnoclostridium; s__ 
ASV298	71	0	111	107	226	0	510	k__Bacteria; p__Firmicutes; c__Clostridia; o__Clostridiales; f__Lachnospiraceae; g__Lachnoclostridium; s__ 
ASV299	22	0	0	0	0	0	0	k__Bacteria; p__Firmicutes; c__Clostridia; o__Clostridiales; f__Lachnospiraceae; g__Lachnoclostridium; s__ 
ASV300	0	64	0	0	0	0	0	k__Bacteria; p__Firmicutes; c__Clostridia; o__Clostridiales; f__Lachnospiraceae; g__Lachnoclostridium; s__ 
ASV301	0	46	127	22	0	0	0	k__Bacteria; p__Firmicutes; c__Clostridia; o__Clostridiales; f__Lachnospiraceae; g__Lachnospiraceae_NK4A136_group; s__ 
ASV302	0	0	15	0	0	0	0	k__Bacteria; p__Firmicutes; c__Clostridia; o__Clostridiales; f__Lachnospiraceae; g__ ; s__ 
ASV303	11	0	0	0	0	0	0	k__Bacteria; p__Firmicutes; c__Clostridia; o__Clostridiales; f__Lachnospiraceae; g__ ; s__ 
ASV304	8	0	0	0	0	0	0	k__Bacteria; p__Firmicutes; c__Clostridia; o__Clostridiales; f__Lachnospiraceae; g__ ; s__ 
ASV305	0	0	0	34	0	0	0	k__Bacteria; p__Firmicutes; c__Clostridia; o__Clostridiales; f__Lachnospiraceae; g__ ; s__ 
ASV306	22	0	0	0	6	0	0	k__Bacteria; p__Firmicutes; c__Clostridia; o__Clostridiales; f__Lachnospiraceae; g__Lachnospiraceae_NK4A136_group; s__ 
ASV307	0	0	29	0	0	0	0	k__Bacteria; p__Firmicutes; c__Clostridia; o__Clostridiales; f__Lachnospiraceae; g__Lachnospiraceae_UCG-004; s__ 
ASV308	0	0	53	0	0	0	0	k__Bacteria; p__Firmicutes; c__Clostridia; o__Clostridiales; f__Lachnospiraceae; g__ ; s__ 
ASV309	70	70	52	21	165	0	271	k__Bacteria; p__Firmicutes; c__Clostridia; o__Clostridiales; f__Lachnospiraceae; g__Blautia; s__ 
ASV310	70	0	0	0	0	0	0	k__Bacteria; p__Firmicutes; c__Clostridia; o__Clostridiales; f__Lachnospiraceae; g__Hungatella; s__hathewayi
ASV311	0	26	0	377	1112	0	0	k__Bacteria; p__Firmicutes; c__Clostridia; o__Clostridiales; f__Lachnospiraceae; g__Lachnospiraceae_NK4A136_group; s__ 
ASV312	0	0	0	0	5	0	0	k__Bacteria; p__Firmicutes; c__Clostridia; o__Clostridiales; f__Lachnospiraceae; g__ ; s__ 
ASV313	0	0	503	0	100	0	226	k__Bacteria; p__Firmicutes; c__Clostridia; o__Clostridiales; f__Lachnospiraceae; g__Lachnospiraceae_NK4A136_group; s__ 
ASV314	0	0	0	0	0	0	4	k__Bacteria; p__Firmicutes; c__Clostridia; o__Clostridiales; f__Lachnospiraceae; g__ ; s__ 
ASV315	9	0	0	0	5	0	0	k__Bacteria; p__Firmicutes; c__Clostridia; o__Clostridiales; f__Lachnospiraceae; g__ ; s__ 
ASV316	0	35	0	0	0	0	0	k__Bacteria; p__Firmicutes; c__Clostridia; o__Clostridiales; f__Lachnospiraceae; g__ ; s__ 
ASV317	13	0	0	0	0	0	0	k__Bacteria; p__Firmicutes; c__Clostridia; o__Clostridiales; f__Lachnospiraceae; g__GCA-900066575; s__ 
ASV318	32	0	14	12	13	0	23	k__Bacteria; p__Firmicutes; c__Clostridia; o__Clostridiales; f__Lachnospiraceae; g__Coprococcus_1; s__catus
ASV319	0	0	0	10	0	0	0	k__Bacteria; p__Firmicutes; c__Clostridia; o__Clostridiales; f__Lachnospiraceae; g__GCA-900066575; s__ 
ASV320	0	0	0	12	0	0	0	k__Bacteria; p__Firmicutes; c__Clostridia; o__Clostridiales; f__Lachnospiraceae; g__ ; s__ 
ASV321	0	0	14	0	65	0	0	k__Bacteria; p__Firmicutes; c__Clostridia; o__Clostridiales; f__Lachnospiraceae; g__ ; s__ 
ASV322	8	0	0	0	0	0	4	k__Bacteria; p__Firmicutes; c__Clostridia; o__Clostridiales; f__Lachnospiraceae; g__Lachnospiraceae_UCG-008; s__ 
ASV323	67	0	0	0	0	0	0	k__Bacteria; p__Firmicutes; c__Clostridia; o__Clostridiales; f__Lachnospiraceae; g__ ; s__ 
ASV324	0	0	0	11	0	0	0	k__Bacteria; p__Firmicutes; c__Clostridia; o__Clostridiales; f__Lachnospiraceae; g__ ; s__ 
ASV325	0	0	14	0	0	0	0	k__Bacteria; p__Tenericutes; c__Mollicutes; o__Mollicutes_RF39; f__ ; g__ ; s__ 
ASV326	44	0	64	0	0	0	0	k__Bacteria; p__Firmicutes; c__Clostridia; o__Clostridiales; f__Christensenellaceae; g__Christensenellaceae_R-7_group; s__ 
ASV327	5	0	0	0	0	0	0	k__Bacteria; p__Firmicutes; c__Clostridia; o__Clostridiales; f__Eubacteriaceae; g__Anaerofustis; s__ 
ASV328	4	0	0	0	0	0	0	k__Bacteria; p__Firmicutes; c__Clostridia; o__Clostridiales; f__Eubacteriaceae; g__Anaerofustis; s__ 
ASV329	14	0	0	0	3	0	0	k__Bacteria; p__Firmicutes; c__Clostridia; o__Clostridiales; f__Clostridiales_vadinBB60_group; g__ ; s__ 
ASV330	0	4	41	0	0	0	0	k__Bacteria; p__Firmicutes; c__Clostridia; o__Clostridiales; f__Clostridiales_vadinBB60_group; g__ ; s__ 
ASV331	14	0	0	0	0	0	0	k__Bacteria; p__Firmicutes; c__Clostridia; o__Clostridiales; f__Christensenellaceae; g__Christensenellaceae_R-7_group; s__ 
ASV332	38	0	0	0	0	0	0	k__Bacteria; p__Firmicutes; c__Clostridia; o__Clostridiales; f__Christensenellaceae; g__Christensenellaceae_R-7_group; s__ 
ASV333	0	29	0	0	0	0	0	k__Bacteria; p__Firmicutes; c__Clostridia; o__Clostridiales; f__Christensenellaceae; g__Christensenellaceae_R-7_group; s__ 
ASV334	21	0	0	0	0	0	0	k__Bacteria; p__Firmicutes; c__Clostridia; o__Clostridiales; f__Christensenellaceae; g__Christensenellaceae_R-7_group; s__ 
ASV335	65	0	0	10	0	0	0	k__Bacteria; p__Firmicutes; c__Clostridia; o__Clostridiales; f__Christensenellaceae; g__Christensenellaceae_R-7_group; s__ 
ASV336	0	0	0	2	0	0	0	k__Bacteria; p__Firmicutes; c__Clostridia; o__Clostridiales; f__Family_XIII; g__Family_XIII_UCG-001; s__ 
ASV337	9	0	0	0	0	0	0	k__Bacteria; p__Firmicutes; c__Clostridia; o__Clostridiales; f__Family_XIII; g__Family_XIII_UCG-001; s__ 
ASV338	0	0	3	0	0	0	0	k__Bacteria; p__Firmicutes; c__ ; o__ ; f__ ; g__ ; s__ 
ASV339	7	0	0	0	0	0	0	k__Bacteria; p__Firmicutes; c__Clostridia; o__Clostridiales; f__Christensenellaceae; g__Christensenellaceae_R-7_group; s__ 
ASV340	0	0	0	0	0	0	63	k__Bacteria; p__Firmicutes; c__Clostridia; o__Clostridiales; f__Lachnospiraceae; g__Lachnospiraceae_UCG-004; s__ 
ASV341	0	0	0	0	4	0	0	k__Bacteria; p__Actinobacteria; c__Coriobacteriia; o__Coriobacteriales; f__Eggerthellaceae; g__Enterorhabdus; s__ 
ASV342	4	0	0	0	0	0	0	k__Bacteria; p__Firmicutes; c__Clostridia; o__Clostridiales; f__ ; g__ ; s__ 
ASV343	3	0	0	0	0	0	0	k__Bacteria; p__Firmicutes; c__Clostridia; o__Clostridiales; f__Family_XIII; g__ ; s__ 
ASV344	0	0	0	0	9	0	0	k__Bacteria; p__Firmicutes; c__Clostridia; o__Clostridiales; f__Family_XIII; g__ ; s__ 
ASV345	0	0	0	2	0	0	0	k__Bacteria; p__Firmicutes; c__Clostridia; o__Clostridiales; f__Family_XIII; g__Family_XIII_AD3011_group; s__ 
ASV346	0	0	0	0	7	0	0	k__Bacteria; p__Firmicutes; c__Clostridia; o__Clostridiales; f__Family_XIII; g__Family_XIII_AD3011_group; s__ 
ASV347	19	3	0	23	5	0	0	k__Bacteria; p__Actinobacteria; c__Coriobacteriia; o__Coriobacteriales; f__Coriobacteriaceae; g__Collinsella; s__aerofaciens
ASV348	0	0	27	0	0	0	0	k__Bacteria; p__Tenericutes; c__Mollicutes; o__Mollicutes_RF39; f__ ; g__ ; s__ 
ASV349	0	0	6	0	0	0	0	k__Bacteria; p__Tenericutes; c__Mollicutes; o__Mollicutes_RF39; f__ ; g__ ; s__ 
ASV350	0	0	14	0	0	0	0	k__Bacteria; p__Firmicutes; c__Clostridia; o__Clostridiales; f__Peptococcaceae; g__Peptococcus; s__ 
ASV351	0	10	0	0	0	0	0	k__Bacteria; p__Firmicutes; c__Clostridia; o__Clostridiales; f__Peptococcaceae; g__Peptococcus; s__ 
ASV352	32	0	0	0	0	0	0	k__Bacteria; p__Firmicutes; c__Clostridia; o__Clostridiales; f__Christensenellaceae; g__Christensenellaceae_R-7_group; s__ 
ASV353	0	0	15	0	0	0	0	k__Bacteria; p__Firmicutes; c__Clostridia; o__Clostridiales; f__Christensenellaceae; g__Christensenellaceae_R-7_group; s__ 
ASV354	34	0	0	0	0	0	0	k__Bacteria; p__Firmicutes; c__Clostridia; o__Clostridiales; f__Christensenellaceae; g__Christensenellaceae_R-7_group; s__ 
ASV355	14	0	0	0	0	0	0	k__Bacteria; p__Firmicutes; c__Clostridia; o__Clostridiales; f__Christensenellaceae; g__Christensenellaceae_R-7_group; s__ 
ASV356	88	0	0	30	0	0	0	k__Bacteria; p__Firmicutes; c__Clostridia; o__Clostridiales; f__Christensenellaceae; g__Christensenellaceae_R-7_group; s__ 
ASV357	0	0	37	0	0	0	0	k__Bacteria; p__Firmicutes; c__Clostridia; o__Clostridiales; f__Christensenellaceae; g__Christensenellaceae_R-7_group; s__ 
ASV358	107	12	0	97	32	0	18	k__Bacteria; p__Firmicutes; c__Clostridia; o__Clostridiales; f__Christensenellaceae; g__Christensenellaceae_R-7_group; s__ 
ASV359	0	0	6	0	0	0	0	k__Bacteria; p__Firmicutes; c__Clostridia; o__Clostridiales; f__ ; g__ ; s__ 
ASV360	157	0	51	0	0	0	0	k__Bacteria; p__Firmicutes; c__Clostridia; o__Clostridiales; f__ ; g__ ; s__ 
ASV361	0	10	0	0	0	0	0	k__Bacteria; p__Firmicutes; c__Clostridia; o__Clostridiales; f__ ; g__ ; s__ 
ASV362	0	2	0	0	0	0	0	k__Bacteria; p__Firmicutes; c__Clostridia; o__Clostridiales; f__ ; g__ ; s__ 
ASV363	4	0	0	0	0	0	0	k__Bacteria; p__Firmicutes; c__Clostridia; o__Clostridiales; f__ ; g__ ; s__ 
ASV364	14	0	0	0	0	0	0	k__Bacteria; p__Firmicutes; c__ ; o__ ; f__ ; g__ ; s__ 
ASV365	0	0	4	0	0	0	0	k__Bacteria; p__Firmicutes; c__Clostridia; o__ ; f__ ; g__ ; s__ 
ASV366	0	0	2	0	0	0	0	k__Bacteria; p__Firmicutes; c__Clostridia; o__Clostridiales; f__Christensenellaceae; g__ ; s__ 
ASV367	155	0	33	0	0	0	0	k__Bacteria; p__Firmicutes; c__Clostridia; o__ ; f__ ; g__ ; s__ 
ASV368	0	0	6	0	0	0	0	k__Bacteria; p__Firmicutes; c__Clostridia; o__ ; f__ ; g__ ; s__ 
ASV369	1550	0	23	0	0	0	0	k__Bacteria; p__Firmicutes; c__Clostridia; o__Clostridiales; f__Christensenellaceae; g__ ; s__ 
ASV370	5	0	0	0	0	0	0	k__Bacteria; p__ ; c__ ; o__ ; f__ ; g__ ; s__ 
ASV371	0	0	0	0	14	0	0	k__Bacteria; p__Firmicutes; c__Clostridia; o__Clostridiales; f__ ; g__ ; s__ 
ASV372	0	0	25	0	0	0	0	k__Bacteria; p__Firmicutes; c__Clostridia; o__ ; f__ ; g__ ; s__ 
ASV373	4	0	0	0	0	0	0	k__Bacteria; p__Synergistetes; c__Synergistia; o__Synergistales; f__Synergistaceae; g__Cloacibacillus; s__evryensis
ASV374	0	13	0	0	0	0	0	k__Bacteria; p__Firmicutes; c__Clostridia; o__Clostridiales; f__Peptostreptococcaceae; g__Paeniclostridium; s__ 
ASV375	0	81	0	0	0	0	0	k__Bacteria; p__Firmicutes; c__Clostridia; o__Clostridiales; f__Peptostreptococcaceae; g__Romboutsia; s__sedimentorum
ASV376	12	0	0	154	45	0	37	k__Bacteria; p__Firmicutes; c__Clostridia; o__Clostridiales; f__Peptostreptococcaceae; g__Romboutsia; s__ 
ASV377	7	0	0	75	16	0	32	k__Bacteria; p__Firmicutes; c__Clostridia; o__Clostridiales; f__Peptostreptococcaceae; g__Intestinibacter; s__bartlettii
ASV378	0	0	0	0	18	0	0	k__Bacteria; p__Firmicutes; c__Clostridia; o__Clostridiales; f__Peptostreptococcaceae; g__Terrisporobacter; s__ 
ASV379	0	0	20	0	0	0	0	k__Bacteria; p__Firmicutes; c__Clostridia; o__Clostridiales; f__Lachnospiraceae; g__Lachnospiraceae_NC2004_group; s__ 
ASV380	7	0	0	0	0	0	0	k__Bacteria; p__Proteobacteria; c__Gammaproteobacteria; o__Betaproteobacteriales; f__Burkholderiaceae; g__Sutterella; s__ 
ASV381	0	99	0	0	0	0	0	k__Bacteria; p__Proteobacteria; c__Gammaproteobacteria; o__Betaproteobacteriales; f__Burkholderiaceae; g__Sutterella; s__wadsworthensis
ASV382	0	0	0	16	0	0	0	k__Bacteria; p__Actinobacteria; c__Actinobacteria; o__Bifidobacteriales; f__Bifidobacteriaceae; g__Bifidobacterium; s__ 
ASV383	0	0	0	186	0	0	0	k__Bacteria; p__Proteobacteria; c__Gammaproteobacteria; o__Betaproteobacteriales; f__Burkholderiaceae; g__Sutterella; s__ 
ASV384	18	5	0	0	0	0	0	k__Bacteria; p__Proteobacteria; c__Gammaproteobacteria; o__Betaproteobacteriales; f__Burkholderiaceae; g__Oxalobacter; s__formigenes
ASV385	0	0	0	0	73	0	0	k__Bacteria; p__Proteobacteria; c__Gammaproteobacteria; o__Betaproteobacteriales; f__Burkholderiaceae; g__Parasutterella; s__ 
ASV386	29	65	96	32	533	0	0	k__Bacteria; p__Proteobacteria; c__Gammaproteobacteria; o__Betaproteobacteriales; f__Burkholderiaceae; g__Parasutterella; s__excrementihominis
ASV387	0	0	0	0	4	0	0	k__Bacteria; p__Bacteroidetes; c__Bacteroidia; o__Bacteroidales; f__Tannerellaceae; g__Parabacteroides; s__ 
ASV388	6	106	0	17	0	0	36	k__Bacteria; p__Firmicutes; c__Bacilli; o__Lactobacillales; f__Streptococcaceae; g__Streptococcus; s__ 
ASV389	4	11	5	60	40	0	0	k__Bacteria; p__Firmicutes; c__Clostridia; o__Clostridiales; f__Ruminococcaceae; g__Ruminococcaceae_UCG-013; s__ 
ASV390	0	4	0	0	0	0	0	k__Bacteria; p__Firmicutes; c__Erysipelotrichia; o__Erysipelotrichales; f__Erysipelotrichaceae; g__ ; s__ 
ASV391	8	0	0	0	0	0	0	k__Bacteria; p__Firmicutes; c__Erysipelotrichia; o__Erysipelotrichales; f__Erysipelotrichaceae; g__ ; s__ 
ASV392	0	0	9	0	0	0	0	k__Bacteria; p__Firmicutes; c__Clostridia; o__Clostridiales; f__Clostridiales_vadinBB60_group; g__ ; s__ 
ASV393	26	0	0	0	0	0	0	k__Bacteria; p__Firmicutes; c__Clostridia; o__Clostridiales; f__Clostridiales_vadinBB60_group; g__ ; s__ 
ASV394	0	0	2	0	0	0	0	k__Bacteria; p__Firmicutes; c__ ; o__ ; f__ ; g__ ; s__ 
ASV395	0	109	583	0	0	0	0	k__Bacteria; p__Firmicutes; c__Clostridia; o__Clostridiales; f__Ruminococcaceae; g__ ; s__ 
ASV396	0	5	0	0	0	0	0	k__Bacteria; p__Firmicutes; c__Clostridia; o__Clostridiales; f__Lachnospiraceae; g__ ; s__ 
ASV397	8	0	0	0	0	0	0	k__Bacteria; p__Firmicutes; c__Clostridia; o__Clostridiales; f__Ruminococcaceae; g__Ruminococcaceae_UCG-010; s__ 
ASV398	0	0	6	0	0	0	0	k__Bacteria; p__Firmicutes; c__Clostridia; o__Clostridiales; f__Ruminococcaceae; g__Ruminococcaceae_UCG-010; s__ 
ASV399	0	0	4	0	0	0	0	k__Bacteria; p__Firmicutes; c__Erysipelotrichia; o__Erysipelotrichales; f__Erysipelotrichaceae; g__Erysipelotrichaceae_UCG-004; s__ 
ASV400	0	0	0	0	3	0	0	k__Bacteria; p__Firmicutes; c__Erysipelotrichia; o__Erysipelotrichales; f__Erysipelotrichaceae; g__Dielma; s__fastidiosa
ASV401	24	0	0	0	0	0	0	k__Bacteria; p__Firmicutes; c__Clostridia; o__Clostridiales; f__Ruminococcaceae; g__ ; s__ 
ASV402	7	0	0	0	0	0	0	k__Bacteria; p__Firmicutes; c__Clostridia; o__Clostridiales; f__Ruminococcaceae; g__ ; s__ 
ASV403	11	0	0	0	3	0	0	k__Bacteria; p__Firmicutes; c__Clostridia; o__Clostridiales; f__Ruminococcaceae; g__Ruminococcaceae_UCG-009; s__ 
ASV404	350	0	0	0	0	0	0	k__Bacteria; p__Firmicutes; c__Clostridia; o__Clostridiales; f__Ruminococcaceae; g__Ruminococcaceae_NK4A214_group; s__ 
ASV405	144	0	0	0	0	0	0	k__Bacteria; p__Firmicutes; c__Clostridia; o__Clostridiales; f__Ruminococcaceae; g__Ruminococcaceae_NK4A214_group; s__ 
ASV406	0	5	0	0	0	0	0	k__Bacteria; p__Firmicutes; c__Clostridia; o__Clostridiales; f__Ruminococcaceae; g__Ruminococcaceae_NK4A214_group; s__ 
ASV407	0	0	8	59	27	0	0	k__Bacteria; p__Firmicutes; c__Clostridia; o__Clostridiales; f__Ruminococcaceae; g__Ruminiclostridium_9; s__ 
ASV408	48	0	0	48	65	0	48	k__Bacteria; p__Firmicutes; c__Clostridia; o__Clostridiales; f__Ruminococcaceae; g__Intestinimonas; s__ 
ASV409	0	0	0	7	0	0	0	k__Bacteria; p__Firmicutes; c__Clostridia; o__Clostridiales; f__Ruminococcaceae; g__Ruminiclostridium_9; s__ 
ASV410	0	0	0	0	32	0	0	k__Bacteria; p__Firmicutes; c__Clostridia; o__Clostridiales; f__Ruminococcaceae; g__Ruminiclostridium_9; s__ 
ASV411	0	6	6	0	0	0	0	k__Bacteria; p__Firmicutes; c__Clostridia; o__Clostridiales; f__Ruminococcaceae; g__Intestinimonas; s__ 
ASV412	0	0	0	0	0	0	23	k__Bacteria; p__Firmicutes; c__Clostridia; o__Clostridiales; f__Ruminococcaceae; g__Pseudoflavonifractor; s__capillosus
ASV413	0	0	0	0	54	0	39	k__Bacteria; p__Firmicutes; c__Clostridia; o__Clostridiales; f__Ruminococcaceae; g__Ruminiclostridium_9; s__ 
ASV414	0	0	0	0	0	0	9	k__Bacteria; p__Firmicutes; c__Clostridia; o__Clostridiales; f__Ruminococcaceae; g__Ruminiclostridium_9; s__ 
ASV415	0	0	0	107	0	0	0	k__Bacteria; p__Firmicutes; c__Clostridia; o__Clostridiales; f__Ruminococcaceae; g__Ruminiclostridium_9; s__ 
ASV416	0	0	0	24	0	0	22	k__Bacteria; p__Firmicutes; c__Clostridia; o__Clostridiales; f__Ruminococcaceae; g__Flavonifractor; s__plautii
ASV417	0	0	7	0	0	0	0	k__Bacteria; p__Firmicutes; c__Clostridia; o__Clostridiales; f__Ruminococcaceae; g__Ruminococcaceae_UCG-010; s__ 
ASV418	143	0	0	0	0	0	0	k__Bacteria; p__Firmicutes; c__Clostridia; o__Clostridiales; f__Ruminococcaceae; g__Ruminococcaceae_UCG-010; s__ 
ASV419	0	0	22	0	0	0	0	k__Bacteria; p__Firmicutes; c__Clostridia; o__Clostridiales; f__Ruminococcaceae; g__Ruminococcaceae_UCG-010; s__ 
ASV420	0	0	22	0	0	0	0	k__Bacteria; p__Firmicutes; c__Clostridia; o__Clostridiales; f__Ruminococcaceae; g__Ruminococcaceae_UCG-010; s__ 
ASV421	27	0	10	0	0	0	0	k__Bacteria; p__Firmicutes; c__Clostridia; o__Clostridiales; f__Clostridiales_vadinBB60_group; g__ ; s__ 
ASV422	2168	0	0	0	53	0	0	k__Bacteria; p__Firmicutes; c__Clostridia; o__Clostridiales; f__Ruminococcaceae; g__ ; s__ 
ASV423	0	0	0	11	0	0	0	k__Bacteria; p__Firmicutes; c__Clostridia; o__Clostridiales; f__Ruminococcaceae; g__GCA-900066225; s__ 
ASV424	15	0	0	0	0	0	0	k__Bacteria; p__Firmicutes; c__Clostridia; o__Clostridiales; f__Ruminococcaceae; g__GCA-900066225; s__ 
ASV425	0	4	0	0	0	0	0	k__Bacteria; p__Firmicutes; c__Clostridia; o__Clostridiales; f__Ruminococcaceae; g__GCA-900066225; s__ 
ASV426	5	0	0	0	0	0	0	k__Bacteria; p__Firmicutes; c__Clostridia; o__Clostridiales; f__Ruminococcaceae; g__ ; s__ 
ASV427	0	0	0	0	12	0	0	k__Bacteria; p__Firmicutes; c__Clostridia; o__Clostridiales; f__Ruminococcaceae; g__GCA-900066225; s__ 
ASV428	124	0	0	0	0	0	0	k__Bacteria; p__Firmicutes; c__Clostridia; o__Clostridiales; f__Ruminococcaceae; g__ ; s__ 
ASV429	48	0	0	0	0	0	0	k__Bacteria; p__Firmicutes; c__Clostridia; o__Clostridiales; f__Ruminococcaceae; g__Negativibacillus; s__ 
ASV430	0	0	0	13	13	0	145	k__Bacteria; p__Firmicutes; c__Clostridia; o__Clostridiales; f__Ruminococcaceae; g__Negativibacillus; s__ 
ASV431	0	0	4	0	16	0	0	k__Bacteria; p__Firmicutes; c__Clostridia; o__Clostridiales; f__Ruminococcaceae; g__ ; s__ 
ASV432	0	157	43	0	0	0	239	k__Bacteria; p__Firmicutes; c__Clostridia; o__Clostridiales; f__Ruminococcaceae; g__Ruminiclostridium_6; s__ 
ASV433	15	0	8	0	0	0	0	k__Bacteria; p__Firmicutes; c__Clostridia; o__Clostridiales; f__Ruminococcaceae; g__Ruminiclostridium_1; s__ 
ASV434	0	0	2	0	0	0	0	k__Bacteria; p__Firmicutes; c__Clostridia; o__Clostridiales; f__Ruminococcaceae; g__ ; s__ 
ASV435	27	0	0	0	0	0	0	k__Bacteria; p__Firmicutes; c__Clostridia; o__Clostridiales; f__Ruminococcaceae; g__ ; s__ 
ASV436	0	0	7	0	0	0	0	k__Bacteria; p__Firmicutes; c__Clostridia; o__Clostridiales; f__Ruminococcaceae; g__Ruminiclostridium_5; s__ 
ASV437	0	0	16	0	0	0	0	k__Bacteria; p__Firmicutes; c__Clostridia; o__Clostridiales; f__Ruminococcaceae; g__ ; s__ 
ASV438	0	0	0	0	18	0	0	k__Bacteria; p__Firmicutes; c__Negativicutes; o__Selenomonadales; f__Acidaminococcaceae; g__Acidaminococcus; s__intestini
ASV439	0	16	0	0	0	0	0	k__Bacteria; p__Firmicutes; c__Negativicutes; o__Selenomonadales; f__Veillonellaceae; g__Veillonella; s__ 
ASV440	0	0	0	54	0	0	6	k__Bacteria; p__Firmicutes; c__Negativicutes; o__Selenomonadales; f__Veillonellaceae; g__Veillonella; s__ 
ASV441	0	0	0	7	0	0	0	k__Bacteria; p__Firmicutes; c__Negativicutes; o__Selenomonadales; f__Veillonellaceae; g__Allisonella; s__ 
ASV442	0	0	0	9	0	0	0	k__Bacteria; p__Firmicutes; c__Negativicutes; o__Selenomonadales; f__Veillonellaceae; g__Dialister; s__ 
ASV443	0	16	0	0	0	0	0	k__Bacteria; p__Firmicutes; c__Clostridia; o__Clostridiales; f__Clostridiaceae_1; g__Clostridium_sensu_stricto_13; s__subterminale
ASV444	0	0	0	36	117	0	0	k__Bacteria; p__Firmicutes; c__Clostridia; o__Clostridiales; f__Clostridiaceae_1; g__Clostridium_sensu_stricto_1; s__ 
ASV445	0	109	0	0	0	0	0	k__Bacteria; p__Firmicutes; c__Clostridia; o__Clostridiales; f__Clostridiaceae_1; g__Clostridium_sensu_stricto_1; s__disporicum
ASV446	0	17	0	0	0	0	0	k__Bacteria; p__Firmicutes; c__Clostridia; o__Clostridiales; f__Clostridiaceae_1; g__Clostridium_sensu_stricto_1; s__paraputrificum
ASV447	4	0	0	0	0	0	0	k__Bacteria; p__Firmicutes; c__Clostridia; o__Clostridiales; f__Ruminococcaceae; g__ ; s__ 
ASV448	236	13	100	20	0	0	0	k__Bacteria; p__Firmicutes; c__Clostridia; o__Clostridiales; f__Ruminococcaceae; g__ ; s__ 
ASV449	0	0	5	0	0	0	0	k__Bacteria; p__Firmicutes; c__Clostridia; o__Clostridiales; f__Ruminococcaceae; g__Ruminococcaceae_NK4A214_group; s__ 
ASV450	0	0	30	0	0	0	0	k__Bacteria; p__Firmicutes; c__Clostridia; o__Clostridiales; f__Ruminococcaceae; g__Ruminiclostridium_1; s__ 
ASV451	109	15	43	30	161	0	0	k__Bacteria; p__Firmicutes; c__Clostridia; o__Clostridiales; f__Ruminococcaceae; g__Ruminococcaceae_UCG-002; s__ 
ASV452	0	6	0	0	0	0	0	k__Bacteria; p__Firmicutes; c__Clostridia; o__Clostridiales; f__Ruminococcaceae; g__Ruminococcaceae_UCG-003; s__ 
ASV453	39	311	145	114	62	0	267	k__Bacteria; p__Firmicutes; c__Clostridia; o__Clostridiales; f__Ruminococcaceae; g__Ruminococcaceae_UCG-003; s__ 
ASV454	0	0	0	20	0	0	0	k__Bacteria; p__Firmicutes; c__Clostridia; o__Clostridiales; f__Ruminococcaceae; g__Oscillibacter; s__ 
ASV455	43	7	0	74	76	0	70	k__Bacteria; p__Firmicutes; c__Clostridia; o__Clostridiales; f__Ruminococcaceae; g__Oscillibacter; s__ 
ASV456	0	0	6	0	0	0	0	k__Bacteria; p__Firmicutes; c__Clostridia; o__Clostridiales; f__Ruminococcaceae; g__Oscillibacter; s__ 
ASV457	0	0	3	0	0	0	0	k__Bacteria; p__Firmicutes; c__Clostridia; o__Clostridiales; f__Ruminococcaceae; g__Oscillibacter; s__ 
ASV458	21	4	0	12	7	0	7	k__Bacteria; p__Firmicutes; c__Clostridia; o__Clostridiales; f__Ruminococcaceae; g__Oscillibacter; s__ 
ASV459	445	189	132	609	104	0	2444	k__Bacteria; p__Firmicutes; c__Clostridia; o__Clostridiales; f__Ruminococcaceae; g__Ruminococcaceae_UCG-002; s__bacterium
ASV460	0	0	57	0	0	0	0	k__Bacteria; p__Firmicutes; c__Clostridia; o__Clostridiales; f__Ruminococcaceae; g__Ruminococcaceae_UCG-002; s__ 
ASV461	0	0	0	27	89	0	0	k__Bacteria; p__Firmicutes; c__Clostridia; o__Clostridiales; f__Ruminococcaceae; g__Ruminococcaceae_UCG-003; s__ 
ASV462	0	0	0	0	0	0	57	k__Bacteria; p__Firmicutes; c__Clostridia; o__Clostridiales; f__Ruminococcaceae; g__Ruminococcaceae_UCG-002; s__ 
ASV463	415	0	0	0	85	0	0	k__Bacteria; p__Firmicutes; c__Clostridia; o__Clostridiales; f__Ruminococcaceae; g__Ruminococcaceae_UCG-002; s__ 
ASV464	2	0	0	0	0	0	0	k__Bacteria; p__Firmicutes; c__Clostridia; o__Clostridiales; f__Ruminococcaceae; g__Ruminococcaceae_UCG-002; s__ 
ASV465	18	8	0	0	0	0	0	k__Bacteria; p__Firmicutes; c__Clostridia; o__Clostridiales; f__Ruminococcaceae; g__Oscillibacter; s__ 
ASV466	830	0	120	480	0	0	0	k__Bacteria; p__Firmicutes; c__Clostridia; o__Clostridiales; f__Ruminococcaceae; g__Ruminococcaceae_UCG-002; s__ 
ASV467	25	0	0	0	0	0	0	k__Bacteria; p__Firmicutes; c__Clostridia; o__Clostridiales; f__Ruminococcaceae; g__ ; s__ 
ASV468	0	154	0	0	0	0	0	k__Bacteria; p__Firmicutes; c__Clostridia; o__Clostridiales; f__Ruminococcaceae; g__Ruminococcaceae_UCG-002; s__ 
ASV469	0	8	8	42	18	0	31	k__Bacteria; p__Firmicutes; c__Clostridia; o__Clostridiales; f__Ruminococcaceae; g__Oscillospira; s__ 
ASV470	0	0	0	0	0	0	10	k__Bacteria; p__Firmicutes; c__Clostridia; o__Clostridiales; f__Ruminococcaceae; g__Oscillibacter; s__ 
ASV471	0	0	0	23	0	0	0	k__Bacteria; p__Firmicutes; c__Clostridia; o__Clostridiales; f__Ruminococcaceae; g__Oscillospira; s__ 
ASV472	831	32	235	15	31	0	0	k__Bacteria; p__Firmicutes; c__Clostridia; o__Clostridiales; f__Ruminococcaceae; g__Ruminococcaceae_UCG-005; s__ 
ASV473	101	0	0	0	0	0	0	k__Bacteria; p__Firmicutes; c__Clostridia; o__Clostridiales; f__Ruminococcaceae; g__Ruminococcaceae_UCG-005; s__ 
ASV474	0	0	0	18	9	0	0	k__Bacteria; p__Firmicutes; c__Clostridia; o__Clostridiales; f__Ruminococcaceae; g__Ruminococcaceae_UCG-005; s__ 
ASV475	38	0	0	11	0	0	0	k__Bacteria; p__Firmicutes; c__Clostridia; o__Clostridiales; f__Ruminococcaceae; g__Ruminococcaceae_UCG-005; s__ 
ASV476	0	0	12	0	0	0	0	k__Bacteria; p__Firmicutes; c__Clostridia; o__Clostridiales; f__Ruminococcaceae; g__Ruminococcaceae_UCG-005; s__ 
ASV477	0	32	0	0	0	0	0	k__Bacteria; p__Firmicutes; c__Clostridia; o__Clostridiales; f__Ruminococcaceae; g__Ruminococcaceae_UCG-005; s__ 
ASV478	160	0	0	0	0	0	0	k__Bacteria; p__Firmicutes; c__Clostridia; o__Clostridiales; f__Ruminococcaceae; g__Ruminococcaceae_UCG-005; s__ 
ASV479	0	0	0	0	7	0	0	k__Bacteria; p__Firmicutes; c__Clostridia; o__Clostridiales; f__Ruminococcaceae; g__Ruminiclostridium_9; s__ 
ASV480	0	0	0	6	0	0	0	k__Bacteria; p__Firmicutes; c__Clostridia; o__Clostridiales; f__Ruminococcaceae; g__Ruminococcaceae_UCG-005; s__ 
ASV481	30	0	19	23	0	0	0	k__Bacteria; p__Firmicutes; c__Clostridia; o__Clostridiales; f__Ruminococcaceae; g__Ruminococcaceae_UCG-005; s__ 
ASV482	10	0	0	0	0	0	0	k__Bacteria; p__Firmicutes; c__Clostridia; o__Clostridiales; f__Ruminococcaceae; g__Ruminiclostridium_9; s__ 
ASV483	102	9	0	0	10	0	0	k__Bacteria; p__Firmicutes; c__Clostridia; o__Clostridiales; f__Ruminococcaceae; g__Ruminococcaceae_UCG-013; s__ 
ASV484	322	0	0	0	0	0	0	k__Bacteria; p__Firmicutes; c__Clostridia; o__Clostridiales; f__Ruminococcaceae; g__Ruminiclostridium; s__ 
ASV485	2	0	0	0	0	0	0	k__Bacteria; p__Firmicutes; c__Clostridia; o__Clostridiales; f__Ruminococcaceae; g__ ; s__ 
ASV486	0	5	0	0	0	0	0	k__Bacteria; p__Firmicutes; c__Clostridia; o__Clostridiales; f__Ruminococcaceae; g__ ; s__ 
ASV487	0	0	0	0	2	0	0	k__Bacteria; p__Firmicutes; c__Erysipelotrichia; o__Erysipelotrichales; f__Erysipelotrichaceae; g__Coprobacillus; s__cateniformis
ASV488	0	0	0	3	0	0	0	k__Bacteria; p__Firmicutes; c__Erysipelotrichia; o__Erysipelotrichales; f__Erysipelotrichaceae; g__Erysipelatoclostridium; s__ 
ASV489	0	0	0	4	0	0	0	k__Bacteria; p__Firmicutes; c__Erysipelotrichia; o__Erysipelotrichales; f__Erysipelotrichaceae; g__ ; s__ 
ASV490	0	0	0	5	0	0	0	k__Bacteria; p__Firmicutes; c__Erysipelotrichia; o__Erysipelotrichales; f__Erysipelotrichaceae; g__ ; s__ 
ASV491	0	0	0	2	0	0	0	k__Bacteria; p__Firmicutes; c__Erysipelotrichia; o__Erysipelotrichales; f__Erysipelotrichaceae; g__Faecalitalea; s__cylindroides
ASV492	5	0	0	0	0	0	0	k__Bacteria; p__Firmicutes; c__Erysipelotrichia; o__Erysipelotrichales; f__Erysipelotrichaceae; g__Merdibacter; s__ 
ASV493	0	0	0	0	0	0	426	k__Bacteria; p__Firmicutes; c__Erysipelotrichia; o__Erysipelotrichales; f__Erysipelotrichaceae; g__Holdemanella; s__ 
ASV494	0	0	0	0	6	0	0	k__Bacteria; p__Firmicutes; c__Clostridia; o__Clostridiales; f__Ruminococcaceae; g__Ruminococcaceae_UCG-010; s__ 
ASV495	18	0	0	0	0	0	0	k__Bacteria; p__Firmicutes; c__Clostridia; o__Clostridiales; f__Ruminococcaceae; g__Ruminococcaceae_UCG-010; s__ 
ASV496	6	0	0	0	0	0	0	k__Bacteria; p__Firmicutes; c__Clostridia; o__Clostridiales; f__Ruminococcaceae; g__Ruminococcaceae_UCG-010; s__ 
ASV497	0	0	8	0	0	0	0	k__Bacteria; p__Firmicutes; c__Clostridia; o__Clostridiales; f__Ruminococcaceae; g__Ruminococcaceae_UCG-010; s__ 
ASV498	23	0	6	0	0	0	0	k__Bacteria; p__Firmicutes; c__Clostridia; o__Clostridiales; f__Ruminococcaceae; g__Ruminococcaceae_UCG-010; s__ 
ASV499	0	0	0	0	0	0	3	k__Bacteria; p__Firmicutes; c__Erysipelotrichia; o__Erysipelotrichales; f__Erysipelotrichaceae; g__Turicibacter; s__sanguinis
ASV500	0	0	0	15	37	0	0	k__Bacteria; p__Firmicutes; c__Erysipelotrichia; o__Erysipelotrichales; f__Erysipelotrichaceae; g__Turicibacter; s__sanguinis
ASV501	49	0	0	63	6	0	71	k__Bacteria; p__Firmicutes; c__Erysipelotrichia; o__Erysipelotrichales; f__Erysipelotrichaceae; g__Erysipelotrichaceae_UCG-003; s__ 
ASV502	7	0	0	11	6	0	43	k__Bacteria; p__Firmicutes; c__Erysipelotrichia; o__Erysipelotrichales; f__Erysipelotrichaceae; g__Holdemania; s__filiformis
ASV503	0	0	5	0	0	0	0	k__Bacteria; p__Firmicutes; c__Erysipelotrichia; o__Erysipelotrichales; f__Erysipelotrichaceae; g__Holdemania; s__ 
ASV504	235	0	6	0	0	0	0	k__Bacteria; p__Firmicutes; c__Clostridia; o__Clostridiales; f__Ruminococcaceae; g__Ruminococcaceae_UCG-010; s__ 
ASV505	0	486	99	0	0	0	0	k__Bacteria; p__Firmicutes; c__Clostridia; o__Clostridiales; f__Clostridiaceae_1; g__Clostridium_sensu_stricto_1; s__ 
ASV506	0	39	0	0	0	0	0	k__Bacteria; p__Firmicutes; c__Clostridia; o__Clostridiales; f__Clostridiaceae_1; g__Clostridium_sensu_stricto_1; s__ 
ASV507	44	0	62	0	118	0	0	k__Bacteria; p__Firmicutes; c__Clostridia; o__Clostridiales; f__Ruminococcaceae; g__Ruminococcaceae_NK4A214_group; s__ 
ASV508	0	335	0	0	0	0	0	k__Bacteria; p__Firmicutes; c__Clostridia; o__Clostridiales; f__Ruminococcaceae; g__Ruminococcaceae_NK4A214_group; s__ 
ASV509	0	0	6	0	0	0	0	k__Bacteria; p__Firmicutes; c__Clostridia; o__Clostridiales; f__Ruminococcaceae; g__Ruminococcaceae_NK4A214_group; s__ 
ASV510	0	0	5	0	0	0	0	k__Bacteria; p__Firmicutes; c__Clostridia; o__Clostridiales; f__Ruminococcaceae; g__Intestinimonas; s__ 
ASV511	18	0	0	0	0	0	13	k__Bacteria; p__Firmicutes; c__Clostridia; o__Clostridiales; f__Ruminococcaceae; g__Ruminiclostridium_9; s__ 
ASV512	70	0	0	0	0	0	0	k__Bacteria; p__Firmicutes; c__Clostridia; o__Clostridiales; f__Ruminococcaceae; g__ ; s__ 
ASV513	0	0	84	0	0	0	0	k__Bacteria; p__Firmicutes; c__Clostridia; o__Clostridiales; f__Ruminococcaceae; g__Ruminococcaceae_UCG-010; s__ 
ASV514	0	0	6	0	0	0	0	k__Bacteria; p__Firmicutes; c__Clostridia; o__Clostridiales; f__Ruminococcaceae; g__Ruminococcaceae_UCG-010; s__ 
ASV515	0	0	158	0	0	0	0	k__Bacteria; p__Tenericutes; c__Mollicutes; o__Mollicutes_RF39; f__ ; g__ ; s__ 
ASV516	334	0	32	0	0	0	0	k__Bacteria; p__Firmicutes; c__Clostridia; o__Clostridiales; f__Clostridiales_vadinBB60_group; g__ ; s__ 
ASV517	7	0	0	0	0	0	0	k__Bacteria; p__Firmicutes; c__Clostridia; o__Clostridiales; f__Peptococcaceae; g__ ; s__ 
ASV518	11	0	0	0	0	0	0	k__Bacteria; p__Firmicutes; c__Clostridia; o__DTU014; f__ ; g__ ; s__ 
ASV519	20	0	0	0	0	0	0	k__Bacteria; p__Firmicutes; c__Clostridia; o__Clostridiales; f__Ruminococcaceae; g__Ruminococcaceae_UCG-011; s__ 
ASV520	25	0	0	0	0	0	0	k__Bacteria; p__Firmicutes; c__Clostridia; o__Clostridiales; f__Ruminococcaceae; g__ ; s__ 
ASV521	274	66	315	142	204	0	114	k__Bacteria; p__Firmicutes; c__Negativicutes; o__Selenomonadales; f__Acidaminococcaceae; g__Phascolarctobacterium; s__faecium
ASV522	2	0	0	0	0	0	0	k__Bacteria; p__Firmicutes; c__Negativicutes; o__Selenomonadales; f__Acidaminococcaceae; g__Phascolarctobacterium; s__ 
ASV523	9	112	0	0	167	0	10	k__Bacteria; p__Firmicutes; c__Clostridia; o__Clostridiales; f__Clostridiaceae_1; g__Clostridium_sensu_stricto_1; s__ 
ASV524	0	39	0	0	0	0	0	k__Bacteria; p__Firmicutes; c__Clostridia; o__Clostridiales; f__Clostridiaceae_1; g__Clostridium_sensu_stricto_1; s__ 
ASV525	4	0	0	0	0	0	0	k__Bacteria; p__Firmicutes; c__Clostridia; o__Clostridiales; f__Ruminococcaceae; g__Ruminococcaceae_UCG-010; s__ 
ASV526	0	0	10	0	0	0	0	k__Bacteria; p__Firmicutes; c__Clostridia; o__Clostridiales; f__Ruminococcaceae; g__ ; s__ 
ASV527	0	0	5	0	0	0	0	k__Bacteria; p__Firmicutes; c__Clostridia; o__Clostridiales; f__Ruminococcaceae; g__Ruminococcaceae_UCG-013; s__ 
ASV528	0	0	17	0	0	0	0	k__Bacteria; p__Firmicutes; c__Clostridia; o__Clostridiales; f__Ruminococcaceae; g__Ruminococcaceae_UCG-010; s__ 
ASV529	25	0	0	0	12	0	0	k__Bacteria; p__Firmicutes; c__Clostridia; o__Clostridiales; f__Ruminococcaceae; g__Ruminococcaceae_UCG-005; s__ 
ASV530	219	0	0	0	25	0	0	k__Bacteria; p__Firmicutes; c__Clostridia; o__Clostridiales; f__Ruminococcaceae; g__Ruminococcaceae_UCG-005; s__ 
ASV531	0	0	0	80	0	0	0	k__Bacteria; p__Firmicutes; c__Clostridia; o__Clostridiales; f__Lachnospiraceae; g__Agathobacter; s__ 
ASV532	0	0	0	7	0	0	0	k__Bacteria; p__Firmicutes; c__Clostridia; o__Clostridiales; f__Lachnospiraceae; g__ ; s__ 
ASV533	0	24	0	65	0	0	53	k__Bacteria; p__Firmicutes; c__Clostridia; o__Clostridiales; f__Lachnospiraceae; g__Agathobacter; s__ 
ASV534	0	0	0	8	228	0	258	k__Bacteria; p__Firmicutes; c__Clostridia; o__Clostridiales; f__Lachnospiraceae; g__Lachnospira; s__ 
ASV535	4	0	0	0	0	0	0	k__Bacteria; p__Firmicutes; c__Clostridia; o__Clostridiales; f__Lachnospiraceae; g__Lachnospira; s__ 
ASV536	88	0	58	1129	22	0	0	k__Bacteria; p__Firmicutes; c__Clostridia; o__Clostridiales; f__Lachnospiraceae; g__Lachnospira; s__pectinoschiza
ASV537	1200	72	86	180	0	0	156	k__Bacteria; p__Firmicutes; c__Clostridia; o__Clostridiales; f__Lachnospiraceae; g__Lachnospira; s__ 
ASV538	0	0	104	0	0	0	640	k__Bacteria; p__Firmicutes; c__Clostridia; o__Clostridiales; f__Lachnospiraceae; g__Lachnospira; s__ 
ASV539	0	0	572	308	54	0	0	k__Bacteria; p__Firmicutes; c__Clostridia; o__Clostridiales; f__Lachnospiraceae; g__Lachnospira; s__ 
ASV540	29	6	0	0	0	0	0	k__Bacteria; p__Firmicutes; c__Clostridia; o__Clostridiales; f__Lachnospiraceae; g__ ; s__ 
ASV541	0	0	0	18	0	0	39	k__Bacteria; p__Firmicutes; c__Clostridia; o__Clostridiales; f__Lachnospiraceae; g__ ; s__ 
ASV542	69	0	0	0	38	0	0	k__Bacteria; p__Firmicutes; c__Clostridia; o__Clostridiales; f__Lachnospiraceae; g__ ; s__ 
ASV543	250	0	3	53	0	0	0	k__Bacteria; p__Actinobacteria; c__Coriobacteriia; o__Coriobacteriales; f__Coriobacteriales_Incertae_Sedis; g__ ; s__ 
ASV544	230	0	11	29	0	0	58	k__Bacteria; p__Firmicutes; c__Clostridia; o__Clostridiales; f__Lachnospiraceae; g__ ; s__ 
ASV545	0	0	0	0	12	0	0	k__Bacteria; p__Firmicutes; c__Clostridia; o__Clostridiales; f__Lachnospiraceae; g__Howardella; s__ureilytica
ASV546	3	0	0	0	0	0	0	k__Bacteria; p__ ; c__ ; o__ ; f__ ; g__ ; s__ 
ASV547	0	0	0	12	0	0	0	k__Bacteria; p__Actinobacteria; c__Coriobacteriia; o__Coriobacteriales; f__Eggerthellaceae; g__Senegalimassilia; s__anaerobia
ASV548	2	0	0	0	0	0	0	k__Bacteria; p__Firmicutes; c__Clostridia; o__Clostridiales; f__Family_XI; g__Parvimonas; s__micra
ASV549	0	0	0	0	0	0	5	k__Bacteria; p__Actinobacteria; c__Coriobacteriia; o__Coriobacteriales; f__Coriobacteriales_Incertae_Sedis; g__ ; s__ 
ASV550	0	19	0	66	453	0	26	k__Bacteria; p__Firmicutes; c__Clostridia; o__Clostridiales; f__Lachnospiraceae; g__Roseburia; s__inulinivorans
ASV551	0	51	0	138	266	0	106	k__Bacteria; p__Firmicutes; c__Clostridia; o__Clostridiales; f__Lachnospiraceae; g__Roseburia; s__intestinalis
ASV552	0	0	40	81	0	0	74	k__Bacteria; p__Firmicutes; c__Clostridia; o__Clostridiales; f__Lachnospiraceae; g__Roseburia; s__hominis
ASV553	0	0	0	122	0	0	0	k__Bacteria; p__Firmicutes; c__Clostridia; o__Clostridiales; f__Lachnospiraceae; g__Lachnospiraceae_UCG-001; s__bacterium
ASV554	232	0	209	0	101	0	394	k__Bacteria; p__Firmicutes; c__Clostridia; o__Clostridiales; f__Lachnospiraceae; g__Agathobacter; s__ 
ASV555	0	0	0	227	236	0	285	k__Bacteria; p__Firmicutes; c__Clostridia; o__Clostridiales; f__Lachnospiraceae; g__Agathobacter; s__ 
ASV556	0	8	0	0	0	0	17	k__Bacteria; p__Firmicutes; c__Clostridia; o__Clostridiales; f__Lachnospiraceae; g__Roseburia; s__ 
ASV557	0	0	76	0	0	0	0	k__Bacteria; p__Firmicutes; c__Clostridia; o__Clostridiales; f__Lachnospiraceae; g__Lachnospiraceae_UCG-001; s__ 
ASV558	0	0	0	0	15	0	0	k__Bacteria; p__Firmicutes; c__Clostridia; o__Clostridiales; f__Lachnospiraceae; g__ ; s__ 
ASV559	70	0	0	0	0	0	80	k__Bacteria; p__Firmicutes; c__Clostridia; o__Clostridiales; f__Lachnospiraceae; g__ ; s__ 
ASV560	4	0	0	0	0	0	0	k__Bacteria; p__Firmicutes; c__Clostridia; o__Clostridiales; f__Lachnospiraceae; g__ ; s__ 
ASV561	166	14	0	5	32	0	17	k__Bacteria; p__Firmicutes; c__Clostridia; o__Clostridiales; f__Lachnospiraceae; g__ ; s__ 
ASV562	44	0	0	70	20	0	142	k__Bacteria; p__Firmicutes; c__Clostridia; o__Clostridiales; f__Lachnospiraceae; g__Coprococcus_3; s__comes
ASV563	0	0	0	5	0	0	0	k__Bacteria; p__Firmicutes; c__Clostridia; o__Clostridiales; f__Lachnospiraceae; g__Coprococcus_3; s__ 
ASV564	0	120	0	4	0	0	0	k__Bacteria; p__Firmicutes; c__Clostridia; o__Clostridiales; f__Lachnospiraceae; g__Tyzzerella_4; s__nexilis
ASV565	13	11	24	5	50	0	46	k__Bacteria; p__Firmicutes; c__Clostridia; o__Clostridiales; f__Lachnospiraceae; g__Lachnospiraceae_ND3007_group; s__ 
ASV566	0	0	0	0	4	0	0	k__Bacteria; p__Firmicutes; c__Clostridia; o__Clostridiales; f__Lachnospiraceae; g__Lachnospiraceae_ND3007_group; s__ 
ASV567	14	0	74	0	0	0	0	k__Bacteria; p__Firmicutes; c__Clostridia; o__Clostridiales; f__Lachnospiraceae; g__Coprococcus_2; s__eutactus
ASV568	492	0	0	0	0	0	0	k__Bacteria; p__Firmicutes; c__Clostridia; o__Clostridiales; f__Lachnospiraceae; g__ ; s__ 
ASV569	0	0	0	2	0	0	0	k__Bacteria; p__Proteobacteria; c__Gammaproteobacteria; o__Betaproteobacteriales; f__Burkholderiaceae; g__ ; s__ 
ASV570	0	0	3	0	0	0	0	k__Bacteria; p__Fusobacteria; c__Fusobacteriia; o__Fusobacteriales; f__Fusobacteriaceae; g__Fusobacterium; s__ 
